files_A,files_B,overlap,overlap_ratio,total_changed_lines_A,total_changed_lines_B,total_overlap_ranges,total_overlap_lines,same_file_line_overlap_ratio,max_file_overlap,same_file_churn,churn,conflict
142,3,0,0.0,17291,76,0,0,0.0,0,0,9.762384711558127,0
272,2,2,0.007352941176470588,29080,9,1,7,0.00024064079205197842,7,13,10.278149751489247,0
125,2,1,0.007936507936507936,9620,100,0,0,0.0,0,5,9.18204377282107,0
38,8,1,0.022222222222222223,1816,933,1,3,0.0010913059294288831,3,37,7.919356190660617,1
1,1,1,1.0,14,14,2,28,1.0,17,4,3.367295829986474,0
51,1,0,0.0,2764,14,0,0,0.0,0,0,7.929846429742503,0
1,51,0,0.0,14,2764,0,0,0.0,0,0,7.929846429742503,0
549,2,0,0.0,62711,39,0,0,0.0,0,0,11.046929793122029,0
125,32,6,0.039735099337748346,9892,536,10,77,0.007383966244725738,28,35,9.252345666121213,1
0,9,0,0.0,0,109,0,0,0.0,0,0,4.700480365792417,0
6,0,0,0.0,354,0,0,0,0.0,0,0,5.872117789475416,0
0,6,0,0.0,0,354,0,0,0.0,0,0,5.872117789475416,0
0,404,0,0.0,0,21481,0,0,0.0,0,0,9.974970654157993,0
193,1,1,0.0051813471502590676,9604,15,1,10,0.0010396091069757771,10,7,9.171599543659752,0
496,1,1,0.0020161290322580645,38762,2,1,7,0.00018057991951295015,7,4,10.565273056653059,0
7,2,0,0.0,1151,62,0,0,0.0,0,0,7.101675971619444,0
244,16,16,0.06557377049180328,56430,1186,83,1279,0.022198694806998057,148,244,10.961572942027956,1
77,3,0,0.0,3968,8,0,0,0.0,0,0,8.28828304520769,0
104,1,1,0.009615384615384616,5015,15,5,42,0.008349900596421472,12,10,8.523374050491318,0
137,4,1,0.007142857142857143,11618,408,1,13,0.0010809911857641776,13,7,9.394909401310617,1
2,9,2,0.2222222222222222,10,106,3,25,0.21551724137931033,14,6,4.762173934797756,0
278,7,7,0.025179856115107913,7625,71,7,72,0.009355509355509356,29,35,8.948585921534317,1
85,1,1,0.011764705882352941,7234,6,2,13,0.0017955801104972376,7,4,8.88751459738882,1
31,1,0,0.0,1529,375,0,0,0.0,0,0,7.552237287560802,0
50,2,0,0.0,4863,22,0,0,0.0,0,0,8.494129251817686,0
13,17,1,0.034482758620689655,564,943,0,0,0.0,0,5,7.318539548567902,0
66,5,1,0.014285714285714285,5479,337,0,0,0.0,0,6,8.668539943910762,0
2,8,0,0.0,46,328,0,0,0.0,0,0,5.926926025970411,0
17,8,0,0.0,947,328,0,0,0.0,0,0,7.151485463904735,0
31,0,0,0.0,1880,0,0,0,0.0,0,0,7.53955882930103,0
5,11,1,0.06666666666666667,337,156,1,7,0.014198782961460446,7,24,6.202535517187923,0
93,24,24,0.25806451612903225,5847,715,42,790,0.12039012496190186,109,86,8.789203094473724,1
96,6,2,0.02,11107,916,4,126,0.010479913499126674,60,8,9.39465993143281,0
27,1,0,0.0,6724,2,0,0,0.0,0,0,8.813884558025606,0
2,273,2,0.007326007326007326,187,8756,16,286,0.03198031980319803,65,32,9.09873819539488,0
251,17,11,0.042801556420233464,10705,328,25,256,0.02320311791897036,29,130,9.308736693832376,1
129,3,0,0.0,4635,342,0,0,0.0,0,0,8.512783482927537,0
320,3,3,0.009375,22269,535,3,546,0.02394316786528679,295,6,10.034735089145801,1
0,155,0,0.0,0,11878,0,0,0.0,0,0,9.38252741428954,0
0,486,0,0.0,0,34983,0,0,0.0,0,0,10.462646093092756,0
3,6,0,0.0,84,58,0,0,0.0,0,0,4.962844630259907,0
393,4,0,0.0,6284,48,0,0,0.0,0,0,8.753529336516431,0
392,1,1,0.002551020408163265,6274,4,0,0,0.0,0,2,8.744966011114109,0
62,1,0,0.0,5347,6,0,0,0.0,0,0,8.585599224080298,0
23,8,1,0.03333333333333333,908,80,0,0,0.0,0,27,6.8966943316227125,0
2,1,0,0.0,6,51,0,0,0.0,0,0,4.060443010546419,0
160,1,0,0.0,9784,18,0,0,0.0,0,0,9.190443740261726,0
134,3,1,0.007352941176470588,13848,250,7,159,0.011278195488721804,93,14,9.55385915186536,0
164,9,7,0.04216867469879518,17168,228,11,78,0.004483789376868246,16,32,9.764053056544551,1
212,2,1,0.004694835680751174,18449,4,0,0,0.0,0,4,9.8230364281385,0
466,1,1,0.002145922746781116,26159,303,1,51,0.0019272919658378052,51,2,10.183502809926877,0
79,1,1,0.012658227848101266,32114,198,1,198,0.006127754394652142,198,2,10.38322490501888,0
122,3,3,0.02459016393442623,4263,64,9,96,0.022186272244048996,29,28,8.372860820526318,0
42,1,1,0.023809523809523808,2442,2,0,0,0.0,0,6,7.801800401908973,0
4,3,3,0.75,33,16,6,44,0.8979591836734694,10,12,3.912023005428146,0
2,1,0,0.0,10,17,0,0,0.0,0,0,3.332204510175204,0
43,5,5,0.11627906976744186,1399,65,11,68,0.04644808743169399,12,44,7.289610521451167,1
35,3,3,0.08571428571428572,1364,10,4,27,0.019650655021834062,7,22,7.226209010100671,0
16,1,0,0.0,256,4,0,0,0.0,0,0,5.564520407322694,0
96,15,15,0.15625,3169,184,23,352,0.1049806143751864,59,46,8.117908942383155,1
147,1,1,0.006802721088435374,8755,0,1,164,0.018732153055396918,164,2,9.077494458642754,0
123,6,5,0.04032258064516129,7894,356,11,338,0.04096969696969697,104,44,9.018089684104343,1
67,67,67,1.0,3724,3724,169,4068,0.5461868958109559,526,338,8.915835074176277,0
43,1,0,0.0,4778,20,0,0,0.0,0,0,8.476162841858246,0
43,1,0,0.0,4778,2,0,0,0.0,0,0,8.472405008626103,0
135,1,0,0.0,10677,18,0,0,0.0,0,0,9.27762511878178,0
2,1,0,0.0,76,2,0,0,0.0,0,0,4.3694478524670215,0
2,103,2,0.019417475728155338,4,5529,2,14,0.0025302729080065064,7,4,8.618666160346871,0
8,2,0,0.0,120,4,0,0,0.0,0,0,4.8283137373023015,0
10,5,3,0.25,191,101,5,113,0.386986301369863,79,13,5.680172609017068,0
5,2,0,0.0,65,4,0,0,0.0,0,0,4.248495242049359,0
0,8,0,0.0,0,560,0,0,0.0,0,0,6.329720905522696,0
7,0,0,0.0,493,0,0,0,0.0,0,0,6.202535517187923,0
2,86,2,0.023255813953488372,8,6086,3,24,0.003938299967180834,9,6,8.715224041915372,0
1,10,0,0.0,4,38,0,0,0.0,0,0,3.7612001156935624,0
105,9,9,0.08571428571428572,6584,77,9,69,0.010358804984236601,14,18,8.804175018753625,0
75,1,0,0.0,2543,28,0,0,0.0,0,0,7.85243908535751,0
52,1,1,0.019230769230769232,1244,2,1,7,0.0056179775280898875,7,8,7.1284959456800365,0
23,2,2,0.08695652173913043,565,6,2,13,0.02276707530647986,7,4,6.349138991379798,0
116,2,0,0.0,4129,188,0,0,0.0,0,0,8.370547611074752,0
11,40,1,0.02,847,6794,1,8,0.0010469833791388562,8,2,8.941414628006845,0
1,4,0,0.0,111,109,0,0,0.0,0,0,5.3981627015177525,0
2,5,0,0.0,14,119757,0,0,0.0,0,0,11.693345214474586,0
1,132,1,0.007575757575757576,6,985,0,0,0.0,0,2,6.899723107284872,0
2,122,1,0.008130081300813009,12,831,1,1,0.0011862396204033216,1,2,6.738152494595957,0
6,3,0,0.0,107,18,0,0,0.0,0,0,4.836281906951478,0
2,23,0,0.0,12,288,0,0,0.0,0,0,5.707110264748875,0
2,28,0,0.0,3,364,0,0,0.0,0,0,5.908082938168931,0
80,1,0,0.0,507,2,0,0,0.0,0,0,6.234410725718371,0
0,101,0,0.0,0,6594,0,0,0.0,0,0,8.794067065151415,0
98,3,0,0.0,6572,31,0,0,0.0,0,0,8.795430805040018,0
80,1,0,0.0,5085,2,0,0,0.0,0,0,8.534640105019959,0
79,4,0,0.0,5072,106,0,0,0.0,0,0,8.552367266423891,0
76,1,0,0.0,5855,4,0,0,0.0,0,0,8.675904882571059,0
78,10,4,0.047619047619047616,7548,2952,67,1113,0.106,99,147,9.259225769705994,1
78,26,5,0.050505050505050504,5853,139,8,49,0.008177570093457943,7,34,8.698347400458186,1
76,46,1,0.008264462809917356,5642,2752,0,0,0.0,0,2,9.035391569511642,0
3,1,0,0.0,111,6,0,0,0.0,0,0,4.770684624465665,0
33,2,0,0.0,938,22,0,0,0.0,0,0,6.8679744089702925,0
19,113,0,0.0,470,113125,0,0,0.0,0,0,11.64040357338165,0
1,2,0,0.0,2,11,0,0,0.0,0,0,2.6390573296152584,0
2,70,0,0.0,13,485,0,0,0.0,0,0,6.212606095751519,0
0,95,0,0.0,0,4376,0,0,0.0,0,0,8.384118837190895,0
93,181,0,0.0,4361,136200,0,0,0.0,0,0,11.853403951558839,1
1,4,0,0.0,5,69,0,0,0.0,0,0,4.31748811353631,0
14,1,0,0.0,416,2,0,0,0.0,0,0,6.037870919922137,0
0,1,0,0.0,0,2,0,0,0.0,0,0,1.0986122886681098,0
0,7,0,0.0,0,8,0,0,0.0,0,0,2.1972245773362196,0
0,2,0,0.0,0,4,0,0,0.0,0,0,1.6094379124341003,0
0,281,0,0.0,0,1148,0,0,0.0,0,0,7.046647277848756,0
0,11,0,0.0,0,51,0,0,0.0,0,0,3.9512437185814275,0
11,2,0,0.0,51,174,0,0,0.0,0,0,5.420534999272286,0
0,2,0,0.0,0,174,0,0,0.0,0,0,5.1647859739235145,0
11,1,0,0.0,51,21,0,0,0.0,0,0,4.290459441148391,0
3,1,0,0.0,168,21,0,0,0.0,0,0,5.247024072160486,0
3,628,2,0.003179650238473768,168,13492,2,11,0.0008052708638360175,6,9,9.522300336887486,1
0,2,0,0.0,0,6,0,0,0.0,0,0,1.9459101490553132,0
2,7,0,0.0,6,751,0,0,0.0,0,0,6.630683385642372,0
0,7,0,0.0,0,751,0,0,0.0,0,0,6.62273632394984,0
7,621,0,0.0,751,12739,0,0,0.0,0,0,9.509778075438817,0
0,276,0,0.0,0,929,0,0,0.0,0,0,6.835184586147301,0
0,5,0,0.0,0,142,0,0,0.0,0,0,4.962844630259907,0
0,12,0,0.0,0,318,0,0,0.0,0,0,5.765191102784844,0
2,3,0,0.0,313,61,0,0,0.0,0,0,5.926926025970411,0
3,227,0,0.0,61,13,0,0,0.0,0,0,4.31748811353631,0
0,227,0,0.0,0,13,0,0,0.0,0,0,2.6390573296152584,0
227,3,0,0.0,13,339,0,0,0.0,0,0,5.8664680569332965,0
0,2,0,0.0,0,37,0,0,0.0,0,0,3.6375861597263857,0
0,1,0,0.0,0,13,0,0,0.0,0,0,2.6390573296152584,0
1,31,0,0.0,13,10089,0,0,0.0,0,0,9.220587688427733,0
0,6,0,0.0,0,122,0,0,0.0,0,0,4.812184355372417,0
6,31,0,0.0,122,10089,0,0,0.0,0,0,9.231318778361375,0
0,30,0,0.0,0,10087,0,0,0.0,0,0,9.219101877644755,0
0,2,0,0.0,0,42,0,0,0.0,0,0,3.7612001156935624,0
0,5,0,0.0,0,347,0,0,0.0,0,0,5.8522024797744745,0
0,6,0,0.0,0,126,0,0,0.0,0,0,4.844187086458591,0
62,4,0,0.0,505,859,0,0,0.0,0,0,7.21890970761906,0
0,1,0,0.0,0,4,0,0,0.0,0,0,1.6094379124341003,0
0,1,0,0.0,0,852,0,0,0.0,0,0,6.748759547491679,0
0,4,0,0.0,0,545,0,0,0.0,0,0,6.302618975744905,0
0,2283,0,0.0,0,585858,0,0,0.0,0,0,13.280834425272406,0
185,51,22,0.102803738317757,8035,1981,19,561,0.05601038338658147,301,49,9.212038928611765,1
0,16,0,0.0,0,2409,0,0,0.0,0,0,7.787382026484701,0
3,8,0,0.0,6,174,0,0,0.0,0,0,5.198497031265826,0
7,8,1,0.07142857142857142,126,50,0,0,0.0,0,5,5.176149732573829,0
26,2,0,0.0,1037,8,0,0,0.0,0,0,6.952728644624869,0
26,6,1,0.03225806451612903,1025,37,0,0,0.0,0,2,6.968850378341948,0
10,49,6,0.11320754716981132,283,1099,5,29,0.020984081041968163,8,39,7.232010331664759,1
0,4,0,0.0,0,35,0,0,0.0,0,0,3.58351893845611,0
1,124,0,0.0,24,48934,0,0,0.0,0,0,10.798738492141016,0
0,15,0,0.0,0,153,0,0,0.0,0,0,5.0369526024136295,0
14,24,6,0.1875,85,407,10,54,0.10975609756097561,7,27,6.20050917404269,1
67,0,0,0.0,2723,0,0,0,0.0,0,0,7.909856667269403,0
1,5,0,0.0,14,81,0,0,0.0,0,0,4.564348191467836,0
0,4,0,0.0,0,60,0,0,0.0,0,0,4.110873864173311,0
0,1,0,0.0,0,2,0,0,0.0,0,0,1.0986122886681098,0
0,1,0,0.0,0,14,0,0,0.0,0,0,2.70805020110221,0
0,1,0,0.0,0,50,0,0,0.0,0,0,3.9318256327243257,0
9,3,1,0.09090909090909091,166,48,1,3,0.014018691588785047,3,3,5.3706380281276624,0
0,70,0,0.0,0,2553,0,0,0.0,0,0,7.845416036592485,0
0,8,0,0.0,0,123,0,0,0.0,0,0,4.820281565605037,0
8,42,3,0.06382978723404255,123,1747,2,25,0.013368983957219251,18,14,7.534228326274089,0
0,124,0,0.0,0,5705,0,0,0.0,0,0,8.649273531773446,0
0,28,0,0.0,0,750,0,0,0.0,0,0,6.621405651764134,0
28,1,1,0.03571428571428571,752,5,1,12,0.015852047556142668,12,2,6.630683385642372,1
108,1,1,0.009259259259259259,4923,5,0,0,0.0,0,2,8.502891406705377,0
0,108,0,0.0,0,4923,0,0,0.0,0,0,8.501876487304344,0
0,13,0,0.0,0,300,0,0,0.0,0,0,5.707110264748875,0
17,19,17,0.8947368421052632,774,813,40,768,0.4839319470699433,263,81,7.370230641807081,0
0,108,0,0.0,0,5481,0,0,0.0,0,0,8.60922527686273,0
0,26,0,0.0,0,787,0,0,0.0,0,0,6.669498089857879,0
25,24,24,0.96,624,602,35,654,0.533442088091354,73,70,7.112327444710911,0
103,1,1,0.009708737864077669,4714,4,1,8,0.001695633743111488,8,4,8.459352191726387,1
1,6,0,0.0,9,123,0,0,0.0,0,0,4.890349128221754,0
0,2,0,0.0,0,6,0,0,0.0,0,0,1.9459101490553132,0
142,162,137,0.8203592814371258,5725,7908,261,6746,0.49482872441868997,307,601,9.52032195192273,1
0,19,0,0.0,0,280,0,0,0.0,0,0,5.638354669333745,0
22,76,14,0.16666666666666666,352,2971,17,140,0.04213060487511285,26,76,8.10892415597534,1
0,4,0,0.0,0,384,0,0,0.0,0,0,5.953243334287785,0
133,0,0,0.0,5433,0,0,0,0.0,0,0,8.600430789986293,0
0,7,0,0.0,0,248,0,0,0.0,0,0,5.517452896464707,0
8,5,2,0.18181818181818182,252,136,3,13,0.03350515463917526,7,11,5.963579343618446,0
0,196,0,0.0,0,18166,0,0,0.0,0,0,9.807362040438745,0
195,1,1,0.005128205128205128,18243,159,7,153,0.008314313661558527,95,10,9.820268973785195,1
89,89,89,1.0,6070,6070,322,7128,0.5871499176276771,716,644,9.404343433543975,0
0,7,0,0.0,0,217,0,0,0.0,0,0,5.384495062789089,0
0,195,0,0.0,0,16671,0,0,0.0,0,0,9.721485944553093,0
186,1,1,0.005376344086021506,15060,5,2,15,0.0009956853634251576,9,6,9.62019582838564,1
0,2,0,0.0,0,263,0,0,0.0,0,0,5.575949103146316,0
2,2,0,0.0,263,108,0,0,0.0,0,0,5.918893854273146,0
2,2,0,0.0,263,62,0,0,0.0,0,0,5.786897381366708,0
0,2,0,0.0,0,62,0,0,0.0,0,0,4.143134726391533,0
2,2,0,0.0,62,57,0,0,0.0,0,0,4.787491742782046,0
2,14,0,0.0,62,616,0,0,0.0,0,0,6.520621127558696,0
0,1,0,0.0,0,40,0,0,0.0,0,0,3.713572066704308,0
0,6,0,0.0,0,234,0,0,0.0,0,0,5.459585514144159,0
1,7,0,0.0,2,207,0,0,0.0,0,0,5.3471075307174685,0
4,7,0,0.0,226,207,0,0,0.0,0,0,6.073044534100405,0
0,1,0,0.0,0,21,0,0,0.0,0,0,3.091042453358316,0
2,7,0,0.0,58,76,0,0,0.0,0,0,4.90527477843843,0
0,1,0,0.0,0,2,0,0,0.0,0,0,1.0986122886681098,0
10,2,0,0.0,890,56,0,0,0.0,0,0,6.853299093186078,0
78,2,0,0.0,3777,6,0,0,0.0,0,0,8.238536930171769,0
43,1,0,0.0,1623,7,0,0,0.0,0,0,7.396948602621014,0
39,1,0,0.0,1520,9,0,0,0.0,0,0,7.333023014386481,0
0,1,0,0.0,0,2,0,0,0.0,0,0,1.0986122886681098,0
8,1,0,0.0,234,8,0,0,0.0,0,0,5.493061443340548,0
1,1,0,0.0,14,4,0,0,0.0,0,0,2.9444389791664403,0
1,1,1,1.0,4,10,0,0,0.0,0,3,2.70805020110221,0
0,1,0,0.0,0,4,0,0,0.0,0,0,1.6094379124341003,0
0,2,0,0.0,0,72,0,0,0.0,0,0,4.290459441148391,0
2,7,0,0.0,72,298,0,0,0.0,0,0,5.916202062607435,0
0,2,0,0.0,0,138,0,0,0.0,0,0,4.9344739331306915,0
25,1,0,0.0,570,4,0,0,0.0,0,0,6.354370040797351,0
3,1,0,0.0,154,2,0,0,0.0,0,0,5.056245805348308,0
1,18,1,0.05555555555555555,7,440,1,7,0.015659955257270694,7,6,6.104793232414985,1
58,1,1,0.017241379310344827,2581,6,1,5,0.001932740626207963,5,2,7.858640655620791,0
5,1,0,0.0,78,7,0,0,0.0,0,0,4.454347296253507,0
4,3,0,0.0,113,64,0,0,0.0,0,0,5.181783550292085,0
3,1,1,0.3333333333333333,109,2,0,0,0.0,0,12,4.718498871295094,0
84,2,1,0.011764705882352941,6808,8,1,1,0.00014671361502347418,1,10,8.827174771362785,0
0,1,0,0.0,0,4,0,0,0.0,0,0,1.6094379124341003,0
1,1,0,0.0,2,97,0,0,0.0,0,0,4.605170185988092,0
82,1,0,0.0,6583,6,0,0,0.0,0,0,8.793308627496552,0
54,1,0,0.0,2393,14,0,0,0.0,0,0,7.786551806428712,0
15,1,1,0.06666666666666667,184,35,0,0,0.0,0,6,5.393627546352362,0
11,1,0,0.0,85,2,0,0,0.0,0,0,4.477336814478207,0
11,1,1,0.09090909090909091,83,4,0,0,0.0,0,4,4.477336814478207,0
11,1,1,0.09090909090909091,81,2,0,0,0.0,0,3,4.430816798843313,0
6,1,0,0.0,37,2,0,0,0.0,0,0,3.6888794541139363,0
7,1,0,0.0,37,7,0,0,0.0,0,0,3.8066624897703196,0
14,1,0,0.0,173,9,0,0,0.0,0,0,5.209486152841421,0
1,117,1,0.008547008547008548,2,7830,1,1,0.00012768130745658836,1,12,8.96610085736724,0
0,2,0,0.0,0,5,0,0,0.0,0,0,1.791759469228055,0
1,4,0,0.0,2,79,0,0,0.0,0,0,4.406719247264253,0
0,3,0,0.0,0,77,0,0,0.0,0,0,4.356708826689592,0
1,2,0,0.0,2,13,0,0,0.0,0,0,2.772588722239781,0
3,1,1,0.3333333333333333,18,2,0,0,0.0,0,2,3.044522437723423,0
1,1,0,0.0,4,7,0,0,0.0,0,0,2.4849066497880004,0
1,1,0,0.0,2,7,0,0,0.0,0,0,2.302585092994046,0
0,1,0,0.0,0,8,0,0,0.0,0,0,2.1972245773362196,0
1,46,1,0.021739130434782608,15,1960,2,17,0.008607594936708861,9,4,7.588829878307813,1
1,102,0,0.0,9,7168,0,0,0.0,0,0,8.878776071707552,0
0,1,0,0.0,0,9,0,0,0.0,0,0,2.302585092994046,0
122,1,0,0.0,8941,9,0,0,0.0,0,0,9.099520536870939,0
0,1,0,0.0,0,1,0,0,0.0,0,0,0.6931471805599453,0
0,44,0,0.0,0,1916,0,0,0.0,0,0,7.558516743045645,0
43,45,11,0.14285714285714285,1810,4498,9,67,0.01062143310082435,22,62,8.74973246437081,1
0,3,0,0.0,0,21,0,0,0.0,0,0,3.091042453358316,0
0,10,0,0.0,0,351,0,0,0.0,0,0,5.863631175598097,0
1,1,0,0.0,2,1,0,0,0.0,0,0,1.3862943611198906,0
0,1,0,0.0,0,2,0,0,0.0,0,0,1.0986122886681098,0
1,2,0,0.0,10,220,0,0,0.0,0,0,5.442417710521793,0
0,1,0,0.0,0,10,0,0,0.0,0,0,2.3978952727983707,0
1,6,0,0.0,10,18,0,0,0.0,0,0,3.367295829986474,0
2,8,1,0.1111111111111111,220,38,0,0,0.0,0,4,5.556828061699537,0
4,1,0,0.0,9,1,0,0,0.0,0,0,2.3978952727983707,0
52,2,1,0.018867924528301886,4686,4,0,0,0.0,0,6,8.453401058328458,0
52,1,1,0.019230769230769232,4684,2,0,0,0.0,0,5,8.452547997922705,0
52,1,1,0.019230769230769232,4684,1,0,0,0.0,0,2,8.452334619067742,0
51,1,0,0.0,4682,2,0,0,0.0,0,0,8.452121194672523,0
2,1,0,0.0,20,4,0,0,0.0,0,0,3.2188758248682006,0
0,2,0,0.0,0,20,0,0,0.0,0,0,3.044522437723423,0
2,31,2,0.06451612903225806,208,4076,1,22,0.005135387488328665,22,5,8.36287583103188,1
0,16,0,0.0,0,477,0,0,0.0,0,0,6.169610732491456,0
16,36,1,0.0196078431372549,479,4185,0,0,0.0,0,3,8.447843113281444,0
0,4,0,0.0,0,203,0,0,0.0,0,0,5.318119993844216,0
4,13,2,0.13333333333333333,179,103,0,0,0.0,0,4,5.645446897643238,0
2,16,2,0.125,202,170,5,38,0.10215053763440861,16,10,5.921578419643816,1
74,74,52,0.5416666666666666,2169,1484,97,850,0.23268546400218998,34,237,8.203577736937952,1
0,9,0,0.0,0,623,0,0,0.0,0,0,6.436150368369428,0
7,3,1,0.1111111111111111,59,25,1,6,0.07142857142857142,6,4,4.442651256490317,0
9,8,3,0.21428571428571427,621,98,3,24,0.03337969401947149,9,9,6.579251212010101,1
0,8,0,0.0,0,98,0,0,0.0,0,0,4.59511985013459,0
1,8,1,0.125,6,128,1,3,0.022388059701492536,3,5,4.90527477843843,1
0,1,0,0.0,0,2,0,0,0.0,0,0,1.0986122886681098,0
1,0,0,0.0,2,0,0,0,0.0,0,0,1.0986122886681098,0
0,6,0,0.0,0,52,0,0,0.0,0,0,3.970291913552122,0
10,77,6,0.07407407407407407,620,1914,4,32,0.012628255722178374,10,23,7.837948916025283,1
10,1,0,0.0,417,7,0,0,0.0,0,0,6.052089168924417,0
6,1,0,0.0,324,2,0,0,0.0,0,0,5.7899601708972535,0
6,1,0,0.0,324,6,0,0,0.0,0,0,5.802118375377063,0
6,1,0,0.0,324,67,0,0,0.0,0,0,5.971261839790462,0
1,9,0,0.0,29,348,0,0,0.0,0,0,5.934894195619588,0
1,1,1,1.0,44,2,1,7,0.15217391304347827,7,5,3.8501476017100584,1
2,6,0,0.0,13,324,0,0,0.0,0,0,5.823045895483019,0
3,129,2,0.015384615384615385,9,9134,1,6,0.0006562397462539647,6,11,9.120853205474647,1
0,1,0,0.0,0,2,0,0,0.0,0,0,1.0986122886681098,0
0,1,0,0.0,0,5,0,0,0.0,0,0,1.791759469228055,0
0,10,0,0.0,0,237,0,0,0.0,0,0,5.472270673671475,0
16,67,6,0.07792207792207792,477,856,2,10,0.007501875468867217,6,28,7.195937226475569,1
1,55,1,0.01818181818181818,5,564,0,0,0.0,0,3,6.345636360828596,0
30,1,0,0.0,293,5,0,0,0.0,0,0,5.700443573390687,0
2,1,0,0.0,20,52,0,0,0.0,0,0,4.290459441148391,0
1,2,1,0.5,2,6,1,7,0.875,7,3,2.1972245773362196,0
3,105,3,0.02857142857142857,15,4898,1,7,0.0014247913698351314,7,17,8.499843553081124,1
2,105,2,0.01904761904761905,107,4898,0,0,0.0,0,12,8.518392471991719,0
1,1,1,1.0,2,202,1,8,0.0392156862745098,8,27,5.3230099791384085,0
0,47,0,0.0,0,5183,0,0,0.0,0,0,8.55333223803211,0
0,1,0,0.0,0,3,0,0,0.0,0,0,1.3862943611198906,0
175,39,2,0.009433962264150943,26678,770,0,0,0.0,0,21,10.220085016401597,0
3,6,0,0.0,36,1336,0,0,0.0,0,0,7.224753405767971,0
7,11,0,0.0,30,226,0,0,0.0,0,0,5.54907608489522,0
7,6,0,0.0,30,61,0,0,0.0,0,0,4.5217885770490405,0
1,2,1,0.5,1,77,1,5,0.0641025641025641,5,15,4.3694478524670215,0
0,6,0,0.0,0,93,0,0,0.0,0,0,4.543294782270004,0
0,3,0,0.0,0,45,0,0,0.0,0,0,3.828641396489095,0
6,16,0,0.0,33,4171,0,0,0.0,0,0,8.344029572407049,0
16,1068,4,0.003703703703703704,4150,85626,2,5,5.5694172161824983e-05,3,40,11.405084096763149,1
79,17,0,0.0,2016,1116,0,0,0.0,0,0,8.049746290952191,0
25,7,1,0.03225806451612903,1523,710,0,0,0.0,0,3,7.711548979629146,0
4,4,1,0.14285714285714285,13,305,0,0,0.0,0,5,5.765191102784844,0
0,2,0,0.0,0,67,0,0,0.0,0,0,4.219507705176107,0
90,6,1,0.010526315789473684,5629,277,1,12,0.002031832035218422,12,3,8.683893367307235,0
6,11,0,0.0,90,1527,0,0,0.0,0,0,7.388946097618437,0
1,7,0,0.0,26,328,0,0,0.0,0,0,5.872117789475416,0
96,7,0,0.0,10378,319,0,0,0.0,0,0,9.277812087091196,0
0,1,0,0.0,0,26,0,0,0.0,0,0,3.295836866004329,0
3,4,0,0.0,11,386,0,0,0.0,0,0,5.986452005284438,0
0,17,0,0.0,0,979,0,0,0.0,0,0,6.887552571664617,0
13,12,1,0.041666666666666664,4120,3331,1,825,0.11072339283317675,825,2,8.916237731721479,1
13,182,2,0.010362694300518135,3853,19203,352,1802,0.07815752949340736,18,919,10.045724689956613,1
14,182,3,0.015544041450777202,4939,19203,351,1807,0.07484881120039764,18,955,10.091749761992155,1
1,5,0,0.0,9,718,0,0,0.0,0,0,6.590301048196686,0
142,137,137,0.9647887323943662,14725,14007,764,17172,0.5976611443686481,1268,1528,10.265801566988308,0
7,60,0,0.0,319,6583,0,0,0.0,0,0,8.839711378703475,0
21,6,0,0.0,4862,612,0,0,0.0,0,0,8.607947554684701,0
7,98,0,0.0,318,5961,0,0,0.0,0,0,8.745125259462244,0
0,6,0,0.0,0,567,0,0,0.0,0,0,6.342121418721152,0
0,5,0,0.0,0,1108,0,0,0.0,0,0,7.011213987350367,0
0,3,0,0.0,0,495,0,0,0.0,0,0,6.206575926724928,0
0,1,0,0.0,0,125,0,0,0.0,0,0,4.836281906951478,0
14,3,1,0.0625,3377,42,0,0,0.0,0,4,8.13739583005665,0
0,6,0,0.0,0,854,0,0,0.0,0,0,6.75110146893676,0
3,1,0,0.0,495,125,0,0,0.0,0,0,6.431331081933479,0
3,3,1,0.2,495,42,0,0,0.0,0,4,6.2878585601617845,0
13,345,2,0.0056179775280898875,2523,17988,5,26,0.0012676125006094291,7,468,9.928765359720396,1
0,6,0,0.0,0,391,0,0,0.0,0,0,5.971261839790462,0
0,1,0,0.0,0,24,0,0,0.0,0,0,3.2188758248682006,0
0,5,0,0.0,0,1111,0,0,0.0,0,0,7.013915474810528,0
0,7,0,0.0,0,389,0,0,0.0,0,0,5.966146739123692,0
0,6,0,0.0,0,326,0,0,0.0,0,0,5.7899601708972535,0
13,23,1,0.02857142857142857,2276,824,0,0,0.0,0,3,8.03947991910045,0
2,1,0,0.0,75,2,0,0,0.0,0,0,4.356708826689592,0
139,2,0,0.0,5349,75,0,0,0.0,0,0,8.59877317840866,0
156,2,0,0.0,6981,64,0,0,0.0,0,0,8.860215358901183,0
13,53,1,0.015384615384615385,2276,3261,0,0,0.0,0,3,8.619388703730907,0
69,1,0,0.0,3493,2,0,0,0.0,0,0,8.159374736775426,0
47,5,0,0.0,2643,616,0,0,0.0,0,0,8.089482474360754,0
10,7,0,0.0,251,441,0,0,0.0,0,0,6.541029999189903,0
32,2,0,0.0,1703,188,0,0,0.0,0,0,7.545389749611823,0
2,1252,1,0.0007980845969672786,190,305496,1,8,2.6170645695255915e-05,8,8,12.630316981623045,1
13,111,1,0.008130081300813009,2276,3770,0,0,0.0,0,3,8.707317560273212,0
5,16,0,0.0,27,444,0,0,0.0,0,0,6.156978985585555,0
99,2,0,0.0,5277,15,0,0,0.0,0,0,8.574140471857987,0
71,2,0,0.0,3023,10,0,0,0.0,0,0,8.017637159908478,0
16,4,0,0.0,444,406,0,0,0.0,0,0,6.7464121285733745,0
92,3,1,0.010638297872340425,4857,394,1,6,0.0011426394972386211,6,4,8.566364235422688,0
91,1,0,0.0,4845,12,0,0,0.0,0,0,8.488382109562117,0
64,1,1,0.015625,2509,4,0,0,0.0,0,3,7.829630389150193,0
55,10,1,0.015625,2489,20,0,0,0.0,0,4,7.828038032125829,0
54,1,0,0.0,2487,2,0,0,0.0,0,0,7.820037989458753,0
30,1,0,0.0,726,61,0,0,0.0,0,0,6.669498089857879,0
31,7,0,0.0,791,44,0,0,0.0,0,0,6.728628613084702,0
18,9,0,0.0,652,56,0,0,0.0,0,0,6.5638555265321274,0
34,3,0,0.0,2210,116,0,0,0.0,0,0,7.752335163302292,0
33,1,0,0.0,2197,13,0,0,0.0,0,0,7.701200180857446,0
9,2,0,0.0,56,39,0,0,0.0,0,0,4.564348191467836,0
7,1,0,0.0,44,2,0,0,0.0,0,0,3.8501476017100584,0
7,1,0,0.0,44,44,0,0,0.0,0,0,4.48863636973214,0
0,2,0,0.0,0,9,0,0,0.0,0,0,2.302585092994046,0
0,2,0,0.0,0,115,0,0,0.0,0,0,4.7535901911063645,0
0,4,0,0.0,0,74,0,0,0.0,0,0,4.31748811353631,0
0,1,0,0.0,0,48,0,0,0.0,0,0,3.8918202981106265,0
12,30,1,0.024390243902439025,2148,2248,0,0,0.0,0,3,8.388677769180811,0
0,10,0,0.0,0,545,0,0,0.0,0,0,6.302618975744905,0
2,450,2,0.0044444444444444444,103,42802,7,124,0.0028901060482461253,52,17,10.66676695527645,0
12,379,2,0.005141388174807198,2571,35666,347,1666,0.04357036378376965,20,825,10.55158506454235,1
0,2,0,0.0,0,50,0,0,0.0,0,0,3.9318256327243257,0
0,2,0,0.0,0,32,0,0,0.0,0,0,3.4965075614664802,0
0,4,0,0.0,0,459,0,0,0.0,0,0,6.131226489483141,0
0,4,0,0.0,0,243,0,0,0.0,0,0,5.497168225293202,0
2,4,0,0.0,8,219,0,0,0.0,0,0,5.429345628954441,0
2,2,0,0.0,29,8,0,0,0.0,0,0,3.6375861597263857,0
27,2,0,0.0,1061,29,0,0,0.0,0,0,6.994849985833071,0
983,2,1,0.0010162601626016261,271736,146,0,0,0.0,0,5,12.513127105679526,0
0,9,0,0.0,0,493,0,0,0.0,0,0,6.202535517187923,0
9,103,0,0.0,493,10069,0,0,0.0,0,0,9.265112607823163,0
2,90,0,0.0,29,9672,0,0,0.0,0,0,9.180087328805161,0
0,11,0,0.0,0,913,0,0,0.0,0,0,6.81783057145415,0
26,11,0,0.0,2287,1988,0,0,0.0,0,0,8.360773272144936,0
13,97,1,0.009174311926605505,569,5665,6,24,0.0038498556304138597,5,46,8.737933858114136,0
2,2,0,0.0,103,6,0,0,0.0,0,0,4.700480365792417,0
13,52,3,0.04838709677419355,549,1676,5,19,0.00853932584269663,7,44,7.70796153183549,1
14,9,2,0.09523809523809523,542,752,9,63,0.04868624420401855,18,46,7.166265974133638,1
10,2,0,0.0,432,10,0,0,0.0,0,0,6.093569770045136,0
6,801,4,0.0049813200498132005,303,249930,0,0,0.0,0,19,12.430151759069533,0
6,1,0,0.0,303,2,0,0,0.0,0,0,5.723585101952381,0
6,37,2,0.04878048780487805,303,387,1,9,0.013043478260869565,9,25,6.53813982376767,0
6,15,6,0.4,252,331,9,64,0.1097770154373928,14,48,6.369900982828227,1
2,1021,0,0.0,154,65785,0,0,0.0,0,0,11.096500516625722,0
3,1,0,0.0,275,391,0,0,0.0,0,0,6.502790045915623,0
1,12,0,0.0,2,1003,0,0,0.0,0,0,6.913737350659685,0
1,12,0,0.0,13,74,0,0,0.0,0,0,4.477336814478207,0
1,1,0,0.0,0,2,0,0,0.0,0,0,1.0986122886681098,0
1,2,0,0.0,45,41,0,0,0.0,0,0,4.465908118654584,0
1,5,0,0.0,0,100,0,0,0.0,0,0,4.61512051684126,0
0,5,0,0.0,0,673,0,0,0.0,0,0,6.513230110912307,0
6,1,1,0.16666666666666666,674,3,1,2,0.0029542097488921715,2,2,6.519147287940395,1
0,1,0,0.0,0,162,0,0,0.0,0,0,5.093750200806762,0
1,6,0,0.0,2,243,0,0,0.0,0,0,5.5053315359323625,0
0,2,0,0.0,0,12,0,0,0.0,0,0,2.5649493574615367,0
1,2,0,0.0,4,128,0,0,0.0,0,0,4.890349128221754,0
0,2,0,0.0,0,128,0,0,0.0,0,0,4.859812404361672,0
1,4,0,0.0,2,1282,0,0,0.0,0,0,7.158513997329321,0
0,6,0,0.0,0,1659,0,0,0.0,0,0,7.414572881350589,0
0,7,0,0.0,0,446,0,0,0.0,0,0,6.102558594613569,0
0,3,0,0.0,0,22,0,0,0.0,0,0,3.1354942159291497,0
0,1,0,0.0,0,60,0,0,0.0,0,0,4.110873864173311,0
0,1,0,0.0,0,6,0,0,0.0,0,0,1.9459101490553132,0
0,2,0,0.0,0,7,0,0,0.0,0,0,2.0794415416798357,0
0,2,0,0.0,0,70,0,0,0.0,0,0,4.2626798770413155,0
0,2,0,0.0,0,37,0,0,0.0,0,0,3.6375861597263857,0
0,3,0,0.0,0,289,0,0,0.0,0,0,5.66988092298052,0
0,1,0,0.0,0,1,0,0,0.0,0,0,0.6931471805599453,0
0,4,0,0.0,0,24,0,0,0.0,0,0,3.2188758248682006,0
0,2,0,0.0,0,68,0,0,0.0,0,0,4.23410650459726,0
0,1,0,0.0,0,4,0,0,0.0,0,0,1.6094379124341003,0
1,3,0,0.0,4,99,0,0,0.0,0,0,4.6443908991413725,0
0,3,0,0.0,0,99,0,0,0.0,0,0,4.605170185988092,0
0,2,0,0.0,0,83,0,0,0.0,0,0,4.430816798843313,0
5,1,0,0.0,24,1,0,0,0.0,0,0,3.258096538021482,0
0,1,0,0.0,0,2,0,0,0.0,0,0,1.0986122886681098,0
0,4,0,0.0,0,22,0,0,0.0,0,0,3.1354942159291497,0
0,2,0,0.0,0,9,0,0,0.0,0,0,2.302585092994046,0
0,2,0,0.0,0,9,0,0,0.0,0,0,2.302585092994046,0
2,1,0,0.0,9,2,0,0,0.0,0,0,2.4849066497880004,0
2,1,0,0.0,9,321,0,0,0.0,0,0,5.802118375377063,0
2,1,0,0.0,9,99,0,0,0.0,0,0,4.6913478822291435,0
1,10,0,0.0,24,633,0,0,0.0,0,0,6.489204931325317,0
0,2,0,0.0,0,8,0,0,0.0,0,0,2.1972245773362196,0
3,3,3,1.0,20,20,5,40,1.0,9,10,3.713572066704308,0
4,4,4,1.0,58,58,7,106,0.9137931034482759,24,14,4.762173934797756,0
4,1,0,0.0,312,9,0,0,0.0,0,0,5.7745515455444085,0
1,13,1,0.07692307692307693,2,150,0,0,0.0,0,5,5.030437921392435,0
0,1,0,0.0,0,2,0,0,0.0,0,0,1.0986122886681098,0
0,51,0,0.0,0,425,0,0,0.0,0,0,6.054439346269371,0
0,1,0,0.0,0,2,0,0,0.0,0,0,1.0986122886681098,0
15,1,0,0.0,3968,53,0,0,0.0,0,0,8.299534570332597,0
0,8,0,0.0,0,2702,0,0,0.0,0,0,7.902117546276448,0
0,2,0,0.0,0,6,0,0,0.0,0,0,1.9459101490553132,0
0,4,0,0.0,0,1252,0,0,0.0,0,0,7.133295954896068,0
1,1,0,0.0,6,11,0,0,0.0,0,0,2.8903717578961645,0
0,1,0,0.0,0,6,0,0,0.0,0,0,1.9459101490553132,0
0,1,0,0.0,0,64,0,0,0.0,0,0,4.174387269895637,0
1,1,0,0.0,40,2,0,0,0.0,0,0,3.7612001156935624,0
0,1,0,0.0,0,12,0,0,0.0,0,0,2.5649493574615367,0
0,10,0,0.0,0,441,0,0,0.0,0,0,6.091309882077698,0
0,4,0,0.0,0,90,0,0,0.0,0,0,4.51085950651685,0
8,1,0,0.0,146,2,0,0,0.0,0,0,5.003946305945459,0
0,1,0,0.0,0,2,0,0,0.0,0,0,1.0986122886681098,0
0,1,0,0.0,0,4,0,0,0.0,0,0,1.6094379124341003,0
4,3,0,0.0,34,109,0,0,0.0,0,0,4.969813299576001,0
5,3,0,0.0,650,109,0,0,0.0,0,0,6.633318433280377,0
0,4,0,0.0,0,646,0,0,0.0,0,0,6.472346294500901,0
0,1,0,0.0,0,2,0,0,0.0,0,0,1.0986122886681098,0
0,4,0,0.0,0,410,0,0,0.0,0,0,6.018593214496234,0
0,1,0,0.0,0,2,0,0,0.0,0,0,1.0986122886681098,0
3,2,0,0.0,23,4,0,0,0.0,0,0,3.332204510175204,0
0,1,0,0.0,0,2,0,0,0.0,0,0,1.0986122886681098,0
0,20,0,0.0,0,1225,0,0,0.0,0,0,7.111512116496157,0
0,1,0,0.0,0,2,0,0,0.0,0,0,1.0986122886681098,0
0,1,0,0.0,0,4,0,0,0.0,0,0,1.6094379124341003,0
0,1,0,0.0,0,2,0,0,0.0,0,0,1.0986122886681098,0
0,18,0,0.0,0,303,0,0,0.0,0,0,5.717027701406222,0
1,3,0,0.0,0,436,0,0,0.0,0,0,6.07993319509559,0
0,3,0,0.0,0,25,0,0,0.0,0,0,3.258096538021482,0
0,7,0,0.0,0,40231,0,0,0.0,0,0,10.6024179778518,0
0,1,0,0.0,0,3,0,0,0.0,0,0,1.3862943611198906,0
0,1,0,0.0,0,3,0,0,0.0,0,0,1.3862943611198906,0
0,1,0,0.0,0,4,0,0,0.0,0,0,1.6094379124341003,0
0,2,0,0.0,0,20,0,0,0.0,0,0,3.044522437723423,0
0,3,0,0.0,0,30,0,0,0.0,0,0,3.4339872044851463,0
1,23,0,0.0,2,42119,0,0,0.0,0,0,10.648325448501428,0
0,23,0,0.0,0,42119,0,0,0.0,0,0,10.648277966247912,0
0,1,0,0.0,0,49,0,0,0.0,0,0,3.912023005428146,0
0,10,0,0.0,0,2656,0,0,0.0,0,0,7.884952945759814,0
0,1,0,0.0,0,0,0,0,0.0,0,0,0.0,0
5,2,1,0.16666666666666666,121,2,1,5,0.04065040650406504,5,3,4.820281565605037,0
0,1,0,0.0,0,36,0,0,0.0,0,0,3.6109179126442243,0
1,1,1,1.0,36,4,0,0,0.0,0,2,3.713572066704308,0
0,1,0,0.0,0,4,0,0,0.0,0,0,1.6094379124341003,0
1,5,1,0.2,36,83,0,0,0.0,0,2,4.787491742782046,0
0,2,0,0.0,0,41,0,0,0.0,0,0,3.7376696182833684,0
2,1,0,0.0,41,2,0,0,0.0,0,0,3.784189633918261,0
0,1,0,0.0,0,2,0,0,0.0,0,0,1.0986122886681098,0
2,3,1,0.25,41,40,0,0,0.0,0,2,4.406719247264253,0
0,1,0,0.0,0,3,0,0,0.0,0,0,1.3862943611198906,0
2,1,1,0.5,8,6,2,16,1.1428571428571428,8,4,2.70805020110221,0
0,2,0,0.0,0,37,0,0,0.0,0,0,3.6375861597263857,0
1,14,1,0.07142857142857142,48,561,1,24,0.03940886699507389,24,4,6.413458957167357,0
0,1,0,0.0,0,4,0,0,0.0,0,0,1.6094379124341003,0
1,3,0,0.0,4,136,0,0,0.0,0,0,4.948759890378168,0
0,1,0,0.0,0,104,0,0,0.0,0,0,4.653960350157523,0
0,1,0,0.0,0,1,0,0,0.0,0,0,0.6931471805599453,0
0,3,0,0.0,0,46,0,0,0.0,0,0,3.8501476017100584,0
3,1,1,0.3333333333333333,46,1,1,2,0.0425531914893617,2,3,3.871201010907891,0
0,1,0,0.0,0,1,0,0,0.0,0,0,0.6931471805599453,0
1,11,0,0.0,1,421,0,0,0.0,0,0,6.0473721790462776,0
1,4,1,0.25,4,304,0,0,0.0,0,7,5.733341276897746,0
3,11,0,0.0,46,421,0,0,0.0,0,0,6.148468295917647,0
0,2,0,0.0,0,151,0,0,0.0,0,0,5.0238805208462765,0
2,10,1,0.09090909090909091,151,270,0,0,0.0,0,8,6.045005314036012,0
0,3,0,0.0,0,153,0,0,0.0,0,0,5.0369526024136295,0
3,9,2,0.2,147,117,1,5,0.01893939393939394,5,12,5.579729825986222,0
1,9,1,0.1111111111111111,4,117,0,0,0.0,0,6,4.804021044733257,0
0,1,0,0.0,0,2,0,0,0.0,0,0,1.0986122886681098,0
0,2,0,0.0,0,75,0,0,0.0,0,0,4.330733340286331,0
2,9,2,0.2222222222222222,75,42,2,31,0.26495726495726496,28,9,4.770684624465665,1
0,9,0,0.0,0,42,0,0,0.0,0,0,3.7612001156935624,0
2,5,1,0.16666666666666666,151,113,0,0,0.0,0,11,5.579729825986222,0
1,9,1,0.1111111111111111,6,251,0,0,0.0,0,13,5.552959584921617,0
0,1,0,0.0,0,33,0,0,0.0,0,0,3.5263605246161616,0
1,4,0,0.0,33,74,0,0,0.0,0,0,4.68213122712422,0
0,1,0,0.0,0,5,0,0,0.0,0,0,1.791759469228055,0
1,11,1,0.09090909090909091,1,326,1,7,0.021406727828746176,7,5,5.793013608384144,0
0,1,0,0.0,0,3,0,0,0.0,0,0,1.3862943611198906,0
1,11,1,0.09090909090909091,3,323,0,0,0.0,0,16,5.7899601708972535,0
0,1,0,0.0,0,4,0,0,0.0,0,0,1.6094379124341003,0
1,1,0,0.0,4,37,0,0,0.0,0,0,3.7376696182833684,0
0,1,0,0.0,0,37,0,0,0.0,0,0,3.6375861597263857,0
1,7,1,0.14285714285714285,37,81,1,2,0.01694915254237288,2,13,4.77912349311153,1
1,5,1,0.2,5,43,2,8,0.16666666666666666,7,3,3.8918202981106265,1
0,3,0,0.0,0,25,0,0,0.0,0,0,3.258096538021482,0
3,9,1,0.09090909090909091,24,267,1,13,0.044673539518900345,13,6,5.676753802268282,1
0,1,0,0.0,0,5,0,0,0.0,0,0,1.791759469228055,0
1,2,1,0.5,7,11,1,4,0.2222222222222222,4,3,2.9444389791664403,0
0,2,0,0.0,0,11,0,0,0.0,0,0,2.4849066497880004,0
2,9,2,0.2222222222222222,11,251,3,20,0.07633587786259542,13,18,5.572154032177765,1
2,2,1,0.3333333333333333,147,10,0,0,0.0,0,4,5.062595033026967,0
1,9,1,0.1111111111111111,7,251,1,5,0.01937984496124031,5,13,5.556828061699537,0
0,1,0,0.0,0,1,0,0,0.0,0,0,0.6931471805599453,0
1,8,0,0.0,1,250,0,0,0.0,0,0,5.529429087511423,0
0,1,0,0.0,0,9,0,0,0.0,0,0,2.302585092994046,0
1,8,1,0.125,9,241,2,9,0.036,5,13,5.5254529391317835,0
2,8,1,0.1111111111111111,147,241,1,7,0.01804123711340206,7,13,5.963579343618446,0
1,3,0,0.0,5,38,0,0,0.0,0,0,3.784189633918261,0
0,3,0,0.0,0,38,0,0,0.0,0,0,3.6635616461296463,0
3,7,2,0.25,38,203,3,27,0.11203319502074689,12,18,5.488937726156687,0
1,7,1,0.14285714285714285,36,203,2,6,0.02510460251046025,4,13,5.480638923341991,1
1,7,1,0.14285714285714285,4,203,1,12,0.057971014492753624,12,5,5.337538079701318,1
0,3,0,0.0,0,29,0,0,0.0,0,0,3.4011973816621555,0
3,6,2,0.2857142857142857,29,174,0,0,0.0,0,12,5.318119993844216,0
0,4,0,0.0,0,129,0,0,0.0,0,0,4.867534450455582,0
4,5,3,0.5,129,45,0,0,0.0,0,13,5.1647859739235145,0
0,4,0,0.0,0,23,0,0,0.0,0,0,3.1780538303479458,0
4,1,0,0.0,23,22,0,0,0.0,0,0,3.828641396489095,0
0,1,0,0.0,0,22,0,0,0.0,0,0,3.1354942159291497,0
1,1,1,1.0,22,2,0,0,0.0,0,4,3.2188758248682006,0
4,1,1,0.25,129,43,1,6,0.03488372093023256,6,4,5.153291594497779,0
0,1,0,0.0,0,2,0,0,0.0,0,0,1.0986122886681098,0
1,1,1,1.0,16,45,2,16,0.26229508196721313,10,5,4.127134385045092,1
0,1,0,0.0,0,45,0,0,0.0,0,0,3.828641396489095,0
0,1,0,0.0,0,31,0,0,0.0,0,0,3.4657359027997265,0
1,1,1,1.0,20,32,3,14,0.2692307692307692,6,4,3.970291913552122,1
1,1,1,1.0,24,8,0,0,0.0,0,2,3.4965075614664802,0
1,1,0,0.0,24,3,0,0,0.0,0,0,3.332204510175204,0
1,1,0,0.0,16,3,0,0,0.0,0,0,2.995732273553991,0
0,1,0,0.0,0,3,0,0,0.0,0,0,1.3862943611198906,0
0,2,0,0.0,0,9,0,0,0.0,0,0,2.302585092994046,0
0,3,0,0.0,0,72,0,0,0.0,0,0,4.290459441148391,0
1,0,0,0.0,27,0,0,0,0.0,0,0,3.332204510175204,0
2,0,0,0.0,45,0,0,0,0.0,0,0,3.828641396489095,0
0,1,0,0.0,0,27,0,0,0.0,0,0,3.332204510175204,0
1,0,0,0.0,27,0,0,0,0.0,0,0,3.332204510175204,0
0,2,0,0.0,0,6,0,0,0.0,0,0,1.9459101490553132,0
10,1,0,0.0,111,32,0,0,0.0,0,0,4.969813299576001,0
9,1,0,0.0,103,438,0,0,0.0,0,0,6.295266001439646,0
2,1,0,0.0,14,22,0,0,0.0,0,0,3.6109179126442243,0
1,1,0,0.0,8,6,0,0,0.0,0,0,2.70805020110221,0
9,1,0,0.0,317,255,0,0,0.0,0,0,6.35088571671474,0
10,3,0,0.0,174,147,0,0,0.0,0,0,5.7745515455444085,0
49,6,0,0.0,1502,170,0,0,0.0,0,0,7.422373700986824,0
0,39,0,0.0,0,633,0,0,0.0,0,0,6.452048954437226,0
1,1,0,0.0,2,2,0,0,0.0,0,0,1.6094379124341003,0
14,9,0,0.0,1114,109,0,0,0.0,0,0,7.1098794630722715,0
1,1,0,0.0,105,3,0,0,0.0,0,0,4.6913478822291435,0
7,1,0,0.0,908,105,0,0,0.0,0,0,6.921658184151129,0
17,6,0,0.0,299,865,0,0,0.0,0,0,7.060476365999801,0
1,1,1,1.0,12,12,1,8,0.3333333333333333,8,2,3.2188758248682006,0
10,1,0,0.0,150,12,0,0,0.0,0,0,5.093750200806762,0
10,1,0,0.0,150,12,0,0,0.0,0,0,5.093750200806762,0
3,8,0,0.0,39,126,0,0,0.0,0,0,5.111987788356544,0
1,2,1,0.5,12,15,1,6,0.2222222222222222,6,2,3.332204510175204,1
246,1,1,0.0040650406504065045,14920,3,1,9,0.0006030958922468672,9,2,9.610725934341048,0
160,2,0,0.0,2339,44,0,0,0.0,0,0,7.776535028185241,0
3,159,0,0.0,31,156,0,0,0.0,0,0,5.236441962829949,0
61,1,0,0.0,2424,15,0,0,0.0,0,0,7.799753318287247,0
149,7,0,0.0,1364,1866,0,0,0.0,0,0,8.080546965824498,1
79,1,0,0.0,2383,98,0,0,0.0,0,0,7.8168199657645525,0
96,1,1,0.010416666666666666,3884,23,10,61,0.015613002303557716,7,20,8.270781013162674,1
82,1,0,0.0,1323,1659,0,0,0.0,0,0,8.000684784514748,0
2,33,1,0.029411764705882353,6,736,0,0,0.0,0,2,6.610696044717759,1
0,22,0,0.0,0,84,0,0,0.0,0,0,4.442651256490317,0
0,2,0,0.0,0,0,0,0,0.0,0,0,0.0,0
10,1,0,0.0,593,59,0,0,0.0,0,0,6.481577129276431,0
0,1,0,0.0,0,14,0,0,0.0,0,0,2.70805020110221,0
3,4,0,0.0,484,61,0,0,0.0,0,0,6.302618975744905,0
0,1,0,0.0,0,12,0,0,0.0,0,0,2.5649493574615367,0
0,1,0,0.0,0,65,0,0,0.0,0,0,4.189654742026425,0
1,1,0,0.0,405,2,0,0,0.0,0,0,6.0112671744041615,0
0,1,0,0.0,0,22,0,0,0.0,0,0,3.1354942159291497,0
3,1,0,0.0,14,4,0,0,0.0,0,0,2.9444389791664403,0
2,1,0,0.0,14,0,0,0,0.0,0,0,2.70805020110221,0
1,1,0,0.0,8,6,0,0,0.0,0,0,2.70805020110221,0
0,1,0,0.0,0,8,0,0,0.0,0,0,2.1972245773362196,0
16,2,0,0.0,680,12,0,0,0.0,0,0,6.541029999189903,0
1,1,0,0.0,5,44,0,0,0.0,0,0,3.912023005428146,0
0,1,0,0.0,0,5,0,0,0.0,0,0,1.791759469228055,0
3,9,0,0.0,145,431,0,0,0.0,0,0,6.3578422665081,0
0,1,0,0.0,0,78,0,0,0.0,0,0,4.3694478524670215,0
1,2,0,0.0,78,67,0,0,0.0,0,0,4.983606621708336,0
4,1,0,0.0,122,51,0,0,0.0,0,0,5.159055299214529,0
0,1,0,0.0,0,16,0,0,0.0,0,0,2.833213344056216,0
5,1,0,0.0,233,58,0,0,0.0,0,0,5.676753802268282,0
4,1,0,0.0,227,6,0,0,0.0,0,0,5.455321115357702,0
3,1,0,0.0,165,62,0,0,0.0,0,0,5.429345628954441,0
3,1,0,0.0,6,147,0,0,0.0,0,0,5.0369526024136295,0
1,1,0,0.0,0,4,0,0,0.0,0,0,1.6094379124341003,0
0,1,0,0.0,0,0,0,0,0.0,0,0,0.0,0
0,1,0,0.0,0,32,0,0,0.0,0,0,3.4965075614664802,0
1,1,1,1.0,28,10,1,10,0.2631578947368421,10,3,3.6635616461296463,1
0,1,0,0.0,0,10,0,0,0.0,0,0,2.3978952727983707,0
3,1,0,0.0,89,2,0,0,0.0,0,0,4.5217885770490405,0
4,1,0,0.0,94,62,0,0,0.0,0,0,5.056245805348308,0
1,1,0,0.0,16,11,0,0,0.0,0,0,3.332204510175204,0
0,1,0,0.0,0,16,0,0,0.0,0,0,2.833213344056216,0
0,1,0,0.0,0,4,0,0,0.0,0,0,1.6094379124341003,0
0,1,0,0.0,0,63,0,0,0.0,0,0,4.1588830833596715,0
1,1,0,0.0,101,31,0,0,0.0,0,0,4.890349128221754,0
0,1,0,0.0,0,101,0,0,0.0,0,0,4.624972813284271,0
1,1,0,0.0,59,19,0,0,0.0,0,0,4.3694478524670215,0
1,3,0,0.0,20,369,0,0,0.0,0,0,5.966146739123692,0
0,1,0,0.0,0,20,0,0,0.0,0,0,3.044522437723423,0
0,3,0,0.0,0,579,0,0,0.0,0,0,6.363028103540465,0
0,1,0,0.0,0,12,0,0,0.0,0,0,2.5649493574615367,0
7,1,0,0.0,112,47,0,0,0.0,0,0,5.075173815233827,0
6,1,0,0.0,96,16,0,0,0.0,0,0,4.727387818712341,0
1,1,0,0.0,4,8,0,0,0.0,0,0,2.5649493574615367,0
0,1,0,0.0,0,4,0,0,0.0,0,0,1.6094379124341003,0
1,1,0,0.0,38,28,0,0,0.0,0,0,4.204692619390966,0
0,1,0,0.0,0,38,0,0,0.0,0,0,3.6635616461296463,0
37,1,0,0.0,1260,6,0,0,0.0,0,0,7.144407180321139,0
10,3,0,0.0,261,79,0,0,0.0,0,0,5.831882477283517,0
10,1,0,0.0,261,46,0,0,0.0,0,0,5.730099782973574,0
10,1,0,0.0,261,51,0,0,0.0,0,0,5.746203190540153,0
10,1,0,0.0,261,36,0,0,0.0,0,0,5.697093486505405,0
10,2,0,0.0,261,77,0,0,0.0,0,0,5.82600010738045,0
0,2,0,0.0,0,39,0,0,0.0,0,0,3.6888794541139363,0
8,1,0,0.0,222,45,0,0,0.0,0,0,5.5909869805108565,0
0,1,0,0.0,0,20,0,0,0.0,0,0,3.044522437723423,0
179,7,0,0.0,8933,202,0,0,0.0,0,0,9.119977931895791,0
0,3,0,0.0,0,161,0,0,0.0,0,0,5.087596335232384,0
2,1,0,0.0,38,4,0,0,0.0,0,0,3.7612001156935624,0
0,5,0,0.0,0,103,0,0,0.0,0,0,4.6443908991413725,0
1,5,0,0.0,11,13,0,0,0.0,0,0,3.2188758248682006,0
5,5,1,0.1111111111111111,98,19,1,11,0.09401709401709402,11,3,4.770684624465665,1
4,2,0,0.0,66,7,0,0,0.0,0,0,4.30406509320417,0
3,1,0,0.0,58,8,0,0,0.0,0,0,4.204692619390966,0
2,1,0,0.0,56,2,0,0,0.0,0,0,4.07753744390572,0
1,2,0,0.0,2,56,0,0,0.0,0,0,4.07753744390572,0
4,1,0,0.0,103,2,0,0,0.0,0,0,4.663439094112067,0
0,4,0,0.0,0,103,0,0,0.0,0,0,4.6443908991413725,0
0,1,0,0.0,0,116,0,0,0.0,0,0,4.762173934797756,0
5,2,0,0.0,573,115,0,0,0.0,0,0,6.535241271013659,0
0,1,0,0.0,0,2,0,0,0.0,0,0,1.0986122886681098,0
144,2,0,0.0,2498,38,0,0,0.0,0,0,7.838737559599282,0
144,4,0,0.0,2498,535,0,0,0.0,0,0,8.017637159908478,0
0,2,0,0.0,0,61,0,0,0.0,0,0,4.127134385045092,0
3,1,0,0.0,51,5,0,0,0.0,0,0,4.04305126783455,0
1,1,0,0.0,47,3,0,0,0.0,0,0,3.9318256327243257,0
2,1,0,0.0,61,47,0,0,0.0,0,0,4.6913478822291435,0
0,1,0,0.0,0,15,0,0,0.0,0,0,2.772588722239781,0
0,1,0,0.0,0,46,0,0,0.0,0,0,3.8501476017100584,0
0,2,0,0.0,0,92,0,0,0.0,0,0,4.532599493153256,0
0,1,0,0.0,0,45,0,0,0.0,0,0,3.828641396489095,0
0,1,0,0.0,0,2,0,0,0.0,0,0,1.0986122886681098,0
0,4,0,0.0,0,34,0,0,0.0,0,0,3.5553480614894135,0
136,4,0,0.0,3222,34,0,0,0.0,0,0,8.088561805276234,0
1,1,0,0.0,3,2,0,0,0.0,0,0,1.791759469228055,0
0,1,0,0.0,0,3,0,0,0.0,0,0,1.3862943611198906,0
7,2,0,0.0,139,45,0,0,0.0,0,0,5.220355825078324,0
6,1,0,0.0,61,78,0,0,0.0,0,0,4.941642422609304,0
0,6,0,0.0,0,61,0,0,0.0,0,0,4.127134385045092,0
0,2,0,0.0,0,12,0,0,0.0,0,0,2.5649493574615367,0
0,1,0,0.0,0,4,0,0,0.0,0,0,1.6094379124341003,0
1,155,1,0.0064516129032258064,2,245040,1,6,2.4485598387215253e-05,6,4,12.409188984330832,1
130,1,0,0.0,2917,78,0,0,0.0,0,0,8.005033344637111,0
2,1,0,0.0,103,8,0,0,0.0,0,0,4.718498871295094,0
130,2,0,0.0,2919,103,0,0,0.0,0,0,8.014004994779459,0
0,1,0,0.0,0,8,0,0,0.0,0,0,2.1972245773362196,0
0,1,0,0.0,0,18,0,0,0.0,0,0,2.9444389791664403,0
0,6,0,0.0,0,46,0,0,0.0,0,0,3.8501476017100584,0
0,1,0,0.0,0,8,0,0,0.0,0,0,2.1972245773362196,0
127,1,0,0.0,2708,26,0,0,0.0,0,0,7.913886714856082,0
7,108,2,0.017699115044247787,334,1149,1,7,0.004720161834120027,7,4,7.302496423727326,0
117,2,0,0.0,6543,57,0,0,0.0,0,0,8.79497643168877,0
16,1,0,0.0,611,62,0,0,0.0,0,0,6.513230110912307,0
16,1,0,0.0,611,239,0,0,0.0,0,0,6.7464121285733745,0
25,3,0,0.0,1463,66,0,0,0.0,0,0,7.333023014386481,0
0,3,0,0.0,0,66,0,0,0.0,0,0,4.204692619390966,0
19,1,0,0.0,1237,2,0,0,0.0,0,0,7.122866658599083,0
19,1,1,0.05263157894736842,1237,2,1,7,0.005649717514124294,7,4,7.122866658599083,0
109,19,6,0.04918032786885246,1154,1237,10,58,0.02425763278962777,10,22,7.779885115070522,1
18,1,0,0.0,1208,29,0,0,0.0,0,0,7.121252453244542,0
11,1,0,0.0,514,31,0,0,0.0,0,0,6.302618975744905,0
16,1,0,0.0,1157,20,0,0,0.0,0,0,7.071573364211532,0
14,2,0,0.0,815,342,0,0,0.0,0,0,7.05444965813294,0
1,1,0,0.0,58,16,0,0,0.0,0,0,4.31748811353631,0
25,0,0,0.0,1377,0,0,0,0.0,0,0,7.228388451573604,0
13,1,1,0.07692307692307693,799,2,1,4,0.004993757802746567,4,4,6.687108607866515,0
16,1,0,0.0,929,58,0,0,0.0,0,0,6.895682697747868,0
13,3,0,0.0,868,49,0,0,0.0,0,0,6.822197390620491,0
14,1,0,0.0,897,19,0,0,0.0,0,0,6.821107472256465,0
2,6,0,0.0,10,663,0,0,0.0,0,0,6.513230110912307,0
94,1,0,0.0,5032,2,0,0,0.0,0,0,8.524168805152662,0
95,1,0,0.0,5090,8,0,0,0.0,0,0,8.536799721055155,0
0,1,0,0.0,0,605,0,0,0.0,0,0,6.406879986069314,0
9,1,0,0.0,335,69,0,0,0.0,0,0,6.003887067106539,0
4,1,0,0.0,141,14,0,0,0.0,0,0,5.049856007249537,0
2,2,0,0.0,93,48,0,0,0.0,0,0,4.955827057601261,0
1,1,0,0.0,57,36,0,0,0.0,0,0,4.543294782270004,0
0,1,0,0.0,0,57,0,0,0.0,0,0,4.060443010546419,0
87,1,0,0.0,4791,25,0,0,0.0,0,0,8.479906606630221,0
84,3,0,0.0,4636,155,0,0,0.0,0,0,8.474703139795285,0
2,2,0,0.0,103,78,0,0,0.0,0,0,5.204006687076795,0
64,1,0,0.0,4092,96,0,0,0.0,0,0,8.340217320947035,0
0,81,0,0.0,0,4462,0,0,0.0,0,0,8.40357646462927,0
41,1,0,0.0,2259,7,0,0,0.0,0,0,7.726212650507529,0
29,1,0,0.0,1631,24,0,0,0.0,0,0,7.412160334945205,0
7,1,0,0.0,500,175,0,0,0.0,0,0,6.516193076042964,0
6,1,0,0.0,449,51,0,0,0.0,0,0,6.2166061010848646,0
5,1,0,0.0,418,31,0,0,0.0,0,0,6.1092475827643655,0
4,1,0,0.0,156,262,0,0,0.0,0,0,6.037870919922137,0
6,1,0,0.0,390,13,0,0,0.0,0,0,6.0014148779611505,0
4,2,0,0.0,272,118,0,0,0.0,0,0,5.968707559985366,0
24,1,0,0.0,1050,25,0,0,0.0,0,0,6.98100574072173,0
73,2,0,0.0,3792,202,0,0,0.0,0,0,8.292798858200374,0
0,1,0,0.0,0,45,0,0,0.0,0,0,3.828641396489095,0
2,29,0,0.0,118,1297,0,0,0.0,0,0,7.255591274253665,0
9,12,0,0.0,546,257,0,0,0.0,0,0,6.6895992691789665,0
9,1,0,0.0,546,39,0,0,0.0,0,0,6.373319789577012,0
13,3,0,0.0,634,164,0,0,0.0,0,0,6.683360945766275,0
13,1,0,0.0,837,64,0,0,0.0,0,0,6.804614520062624,0
11,2,0,0.0,604,233,0,0,0.0,0,0,6.731018100482083,0
10,1,0,0.0,576,28,0,0,0.0,0,0,6.405228458030842,0
9,1,0,0.0,558,18,0,0,0.0,0,0,6.3578422665081,0
0,1,0,0.0,0,39,0,0,0.0,0,0,3.6888794541139363,0
0,1,0,0.0,0,101,0,0,0.0,0,0,4.624972813284271,0
7,1,0,0.0,588,32,0,0,0.0,0,0,6.431331081933479,0
0,1,0,0.0,0,101,0,0,0.0,0,0,4.624972813284271,0
0,55,0,0.0,0,2927,0,0,0.0,0,0,7.982074875081202,0
3,1,0,0.0,305,90,0,0,0.0,0,0,5.981414211254481,0
3,1,0,0.0,305,64,0,0,0.0,0,0,5.91350300563827,0
3,1,0,0.0,332,1,0,0,0.0,0,0,5.811140992976701,0
2,1,0,0.0,304,28,0,0,0.0,0,0,5.808142489980444,0
1,1,0,0.0,267,37,0,0,0.0,0,0,5.720311776607412,0
0,1,0,0.0,0,267,0,0,0.0,0,0,5.5909869805108565,0
1,43,1,0.023255813953488372,6,2202,1,9,0.004076086956521739,9,3,7.700295203420117,1
0,14,0,0.0,0,786,0,0,0.0,0,0,6.668228248417403,0
42,1,0,0.0,2168,34,0,0,0.0,0,0,7.697575346802343,0
38,6,0,0.0,1964,276,0,0,0.0,0,0,7.714677473800927,0
37,1,0,0.0,1924,40,0,0,0.0,0,0,7.583247524303362,0
35,2,0,0.0,1947,99,0,0,0.0,0,0,7.624130585661289,0
34,1,0,0.0,1835,112,0,0,0.0,0,0,7.5745584842024805,0
53,2,1,0.018518518518518517,2899,209,0,0,0.0,0,3,8.042056410058754,0
32,1,0,0.0,1488,16,0,0,0.0,0,0,7.316548177182976,0
0,31,0,0.0,0,1316,0,0,0.0,0,0,7.183111701743281,0
35,1,0,0.0,1553,101,0,0,0.0,0,0,7.411556287811163,0
27,1,0,0.0,1278,37,0,0,0.0,0,0,7.182352111885263,0
29,1,0,0.0,1178,172,0,0,0.0,0,0,7.208600337960199,0
28,1,0,0.0,1160,18,0,0,0.0,0,0,7.072421900537371,0
27,1,0,0.0,1150,10,0,0,0.0,0,0,7.057036981697891,0
0,1,0,0.0,0,0,0,0,0.0,0,0,0.0,0
26,1,0,0.0,939,211,0,0,0.0,0,0,7.048386408721883,0
0,2,0,0.0,0,104,0,0,0.0,0,0,4.653960350157523,0
25,1,0,0.0,768,81,0,0,0.0,0,0,6.745236349484363,0
20,1,0,0.0,377,305,0,0,0.0,0,0,6.52649485957079,0
0,1,0,0.0,0,7,0,0,0.0,0,0,2.0794415416798357,0
2,1,0,0.0,44,72,0,0,0.0,0,0,4.762173934797756,0
18,1,0,0.0,256,42,0,0,0.0,0,0,5.700443573390687,0
8,13,1,0.05,422,26,0,0,0.0,0,2,6.1070228877422545,0
1,11,0,0.0,305,376,0,0,0.0,0,0,6.525029657843462,0
4,1,0,0.0,101,139,0,0,0.0,0,0,5.484796933490655,0
3,1,0,0.0,54,47,0,0,0.0,0,0,4.624972813284271,0
1,2,0,0.0,4,50,0,0,0.0,0,0,4.007333185232471,0
0,1,0,0.0,0,4,0,0,0.0,0,0,1.6094379124341003,0
0,2,0,0.0,0,122,0,0,0.0,0,0,4.812184355372417,0
0,4,0,0.0,0,0,0,0,0.0,0,0,0.0,0
1,0,0,0.0,305,0,0,0,0.0,0,0,5.723585101952381,0
0,2,0,0.0,0,349,0,0,0.0,0,0,5.857933154483459,0
0,1,0,0.0,0,44,0,0,0.0,0,0,3.8066624897703196,0
0,1,0,0.0,0,134,0,0,0.0,0,0,4.90527477843843,0
29,2,0,0.0,1710,111,0,0,0.0,0,0,7.507690077819904,0
4,1,0,0.0,172,6,0,0,0.0,0,0,5.187385805840755,0
3,4,0,0.0,288,172,0,0,0.0,0,0,6.133398042996649,0
2,1,0,0.0,165,123,0,0,0.0,0,0,5.666426688112432,0
2,1,0,0.0,63,102,0,0,0.0,0,0,5.111987788356544,0
1,1,0,0.0,0,63,0,0,0.0,0,0,4.1588830833596715,0
4,19,1,0.045454545454545456,139,1053,0,0,0.0,0,2,7.084226422097916,1
2,1,1,0.5,110,2,0,0,0.0,0,2,4.727387818712341,0
25,1,0,0.0,1389,2,0,0,0.0,0,0,7.238496840894365,0
13,1,0,0.0,785,108,0,0,0.0,0,0,6.795705775173514,0
8,1,0,0.0,484,2,0,0,0.0,0,0,6.18826412308259,0
3,7,0,0.0,266,343,0,0,0.0,0,0,6.413458957167357,0
0,1,0,0.0,0,141,0,0,0.0,0,0,4.955827057601261,0
1,2,0,0.0,33,141,0,0,0.0,0,0,5.1647859739235145,0
0,1,0,0.0,0,33,0,0,0.0,0,0,3.5263605246161616,0
0,1,0,0.0,0,2,0,0,0.0,0,0,1.0986122886681098,0
3,4,0,0.0,156,135,0,0,0.0,0,0,5.676753802268282,0
1,1,0,0.0,32,121,0,0,0.0,0,0,5.0369526024136295,0
0,1,0,0.0,0,32,0,0,0.0,0,0,3.4965075614664802,0
1,3,1,0.3333333333333333,5,104,1,3,0.027522935779816515,3,2,4.700480365792417,0
0,1,0,0.0,0,5,0,0,0.0,0,0,1.791759469228055,0
0,1,0,0.0,0,52,0,0,0.0,0,0,3.970291913552122,0
0,1,0,0.0,0,13,0,0,0.0,0,0,2.6390573296152584,0
1,1,0,0.0,83,19,0,0,0.0,0,0,4.634728988229636,0
1,1,0,0.0,83,53,0,0,0.0,0,0,4.919980925828125,0
1,1,0,0.0,83,41,0,0,0.0,0,0,4.8283137373023015,0
0,1,0,0.0,0,83,0,0,0.0,0,0,4.430816798843313,0
0,1,0,0.0,0,4,0,0,0.0,0,0,1.6094379124341003,0
0,1,0,0.0,0,27,0,0,0.0,0,0,3.332204510175204,0
0,1,0,0.0,0,76,0,0,0.0,0,0,4.343805421853684,0
0,2,0,0.0,0,86,0,0,0.0,0,0,4.465908118654584,0
8,3,1,0.1,274,152,1,66,0.15492957746478872,66,2,6.056784013228625,0
0,1,0,0.0,0,66,0,0,0.0,0,0,4.204692619390966,0
0,1,0,0.0,0,2,0,0,0.0,0,0,1.0986122886681098,0
0,1,0,0.0,0,12,0,0,0.0,0,0,2.5649493574615367,0
0,1,0,0.0,0,14,0,0,0.0,0,0,2.70805020110221,0
0,1,0,0.0,0,28,0,0,0.0,0,0,3.367295829986474,0
0,1,0,0.0,0,21,0,0,0.0,0,0,3.091042453358316,0
0,1,0,0.0,0,18,0,0,0.0,0,0,2.9444389791664403,0
1,2,0,0.0,113,10,0,0,0.0,0,0,4.820281565605037,0
0,1,0,0.0,0,113,0,0,0.0,0,0,4.736198448394496,0
0,1,0,0.0,0,113,0,0,0.0,0,0,4.736198448394496,0
0,1,0,0.0,0,57,0,0,0.0,0,0,4.060443010546419,0
0,2,0,0.0,0,70,0,0,0.0,0,0,4.2626798770413155,0
1,1,0,0.0,32,73,0,0,0.0,0,0,4.663439094112067,0
1,1,0,0.0,18,32,0,0,0.0,0,0,3.9318256327243257,0
0,1,0,0.0,0,18,0,0,0.0,0,0,2.9444389791664403,0
0,1,0,0.0,0,29,0,0,0.0,0,0,3.4011973816621555,0
0,1,0,0.0,0,2,0,0,0.0,0,0,1.0986122886681098,0
1,1,0,0.0,22,23,0,0,0.0,0,0,3.828641396489095,0
0,1,0,0.0,0,22,0,0,0.0,0,0,3.1354942159291497,0
8,1,0,0.0,191,11,0,0,0.0,0,0,5.313205979041787,0
0,1,0,0.0,0,74,0,0,0.0,0,0,4.31748811353631,0
0,4,0,0.0,0,66,0,0,0.0,0,0,4.204692619390966,0
0,2,0,0.0,0,35,0,0,0.0,0,0,3.58351893845611,0
0,1,0,0.0,0,11,0,0,0.0,0,0,2.4849066497880004,0
0,1,0,0.0,0,13,0,0,0.0,0,0,2.6390573296152584,0
0,1,0,0.0,0,4,0,0,0.0,0,0,1.6094379124341003,0
0,1,0,0.0,0,18,0,0,0.0,0,0,2.9444389791664403,0
0,1,0,0.0,0,54,0,0,0.0,0,0,4.007333185232471,0
0,7,0,0.0,0,139,0,0,0.0,0,0,4.941642422609304,0
0,1,0,0.0,0,107,0,0,0.0,0,0,4.68213122712422,0
0,1,0,0.0,0,4,0,0,0.0,0,0,1.6094379124341003,0
3,5,0,0.0,169,43,0,0,0.0,0,0,5.3612921657094255,0
0,1,0,0.0,0,12,0,0,0.0,0,0,2.5649493574615367,0
0,1,0,0.0,0,4,0,0,0.0,0,0,1.6094379124341003,0
0,1,0,0.0,0,2,0,0,0.0,0,0,1.0986122886681098,0
0,1,0,0.0,0,23,0,0,0.0,0,0,3.1780538303479458,0
0,1,0,0.0,0,2,0,0,0.0,0,0,1.0986122886681098,0
0,1,0,0.0,0,29,0,0,0.0,0,0,3.4011973816621555,0
0,9,0,0.0,0,155,0,0,0.0,0,0,5.049856007249537,0
2,1,0,0.0,58,39,0,0,0.0,0,0,4.584967478670572,0
68,4,1,0.014084507042253521,2005,240,1,6,0.0026726057906458797,6,9,7.716906135298388,1
1827,4,0,0.0,69421,56,0,0,0.0,0,0,11.148765434678792,0
4,1270,0,0.0,56,74932,0,0,0.0,0,0,11.225096715095173,0
14608,1,0,0.0,2061913,2,0,0,0.0,0,0,14.539146205580863,0
4,2932,1,0.00034071550255536625,56,214334,1,7,3.265077662204394e-05,7,64,12.275556729685759,0
192,1,0,0.0,5809,2,0,0,0.0,0,0,8.667680024690174,0
1166,1,0,0.0,46475,1,0,0,0.0,0,0,10.746712845552901,0
1318,1,0,0.0,53150,73,0,0,0.0,0,0,10.882264701421724,0
829,7,0,0.0,27805,16,0,0,0.0,0,0,10.233582353619516,0
57,4,0,0.0,1879,24,0,0,0.0,0,0,7.55171221535131,0
248,1,0,0.0,7116,13,0,0,0.0,0,0,8.872066513408342,0
246,1,0,0.0,7113,2,0,0,0.0,0,0,8.870101048785726,0
10,1,0,0.0,1135,8,0,0,0.0,0,0,7.042286171939743,0
3,4766,1,0.00020973154362416107,18,300925,1,10,3.322888387501952e-05,10,6,12.614679479910587,1
520,4,0,0.0,26832,24,0,0,0.0,0,0,10.19828177359369,0
748,1,0,0.0,37067,6,0,0,0.0,0,0,10.520671194289035,0
184,1,0,0.0,11173,52,0,0,0.0,0,0,9.325987795502144,0
121,1,0,0.0,4353,16,0,0,0.0,0,0,8.382518288089635,0
3870,1,0,0.0,210616,38,0,0,0.0,0,0,12.257977003180535,0
2132,1,0,0.0,89438,2,0,0,0.0,0,0,11.401334469006208,0
307,1,0,0.0,18763,13,0,0,0.0,0,0,9.840387995592812,0
1383,1,0,0.0,59512,53,0,0,0.0,0,0,10.994840220474977,0
100,5,0,0.0,4450,30,0,0,0.0,0,0,8.407601514786142,0
13542,1,0,0.0,1816836,56,0,0,0.0,0,0,14.412638457366945,0
4999,1,0,0.0,310379,7,0,0,0.0,0,0,12.64557518497085,0
339,1,0,0.0,12783,4,0,0,0.0,0,0,9.456262510179732,0
303,5,0,0.0,10676,30,0,0,0.0,0,0,9.27865301215827,0
299,4,0,0.0,10652,24,0,0,0.0,0,0,9.275847174178303,0
17,2,0,0.0,96,119,0,0,0.0,0,0,5.375278407684165,0
13476,1,0,0.0,1806687,10,0,0,0.0,0,0,14.40701142777076,0
1449,1,0,0.0,55687,12,0,0,0.0,0,0,10.927735425915376,0
6719,4,0,0.0,429184,38,0,0,0.0,0,0,12.96973187637372,0
9423,2,1,0.00010611205432937182,1211891,203,1,4,3.3000740866632456e-06,4,7,14.007860825377907,0
9029,1,0,0.0,1444540,12,0,0,0.0,0,0,14.183310489111836,0
926,12,0,0.0,31601,40,0,0,0.0,0,0,10.362240631009008,0
6686,1,0,0.0,425212,7,0,0,0.0,0,0,12.960361961032357,0
2934,1,0,0.0,147031,4,0,0,0.0,0,0,11.898432733737447,0
3038,1,0,0.0,153781,2,0,0,0.0,0,0,11.943304299432697,0
1189,1,0,0.0,34774,6,0,0,0.0,0,0,10.45682653965135,0
1160,4,0,0.0,34470,24,0,0,0.0,0,0,10.448569664980209,0
512,1,1,0.001953125,15799,10,0,0,0.0,0,6,9.668397930203518,0
837,5,0,0.0,46067,30,0,0,0.0,0,0,10.73852484409569,0
1245,2,0,0.0,58888,4,0,0,0.0,0,0,10.983477517076143,0
1395,1,0,0.0,66218,2,0,0,0.0,0,0,11.100752912165108,0
1380,11,0,0.0,65168,36,0,0,0.0,0,0,11.085291432091003,0
224,1,0,0.0,5001,3,0,0,0.0,0,0,8.518192691749322,0
354,4,0,0.0,10797,24,0,0,0.0,0,0,9.28933637820268,0
3175,1,0,0.0,180674,8,0,0,0.0,0,0,12.104499393571365,0
533,1,0,0.0,49521,4,0,0,0.0,0,0,10.810253063185211,0
731,1,0,0.0,49390,6,0,0,0.0,0,0,10.80764497258701,0
866,9,0,0.0,41316,18,0,0,0.0,0,0,10.629464877686775,0
1973,1,0,0.0,84151,6,0,0,0.0,0,0,11.340451263430607,0
1981,1,0,0.0,84189,4,0,0,0.0,0,0,11.340878938784018,0
421,1,0,0.0,24736,2,0,0,0.0,0,0,10.116136224757685,0
1,684,0,0.0,2,25454,0,0,0.0,0,0,10.144746033275508,0
3277,1,0,0.0,143021,7,0,0,0.0,0,0,11.870802685884268,0
814,1,0,0.0,33426,7,0,0,0.0,0,0,10.417328625262575,0
3227,1,0,0.0,141123,7,0,0,0.0,0,0,11.857443816048647,0
2679,1,0,0.0,104918,2,0,0,0.0,0,0,11.560962965006683,0
201,1,0,0.0,6312,17,0,0,0.0,0,0,8.753055515138222,0
215,1,0,0.0,6821,2,0,0,0.0,0,0,8.828201089171515,0
212,3,0,0.0,6811,10,0,0,0.0,0,0,8.82790796297859,0
211,1,0,0.0,6809,2,0,0,0.0,0,0,8.826441041782578,0
1919,1,1,0.0005211047420531526,93710,6,0,0,0.0,0,5,11.448034881866116,0
620,2,0,0.0,33676,20,0,0,0.0,0,0,10.425164091606355,0
259,1,0,0.0,17789,1,0,0,0.0,0,0,9.786447990434775,0
4456,1,1,0.0002244165170556553,1017644,4,1,10,9.826580507208779e-06,10,7,13.833005622924423,0
954,1,0,0.0,32257,37,0,0,0.0,0,0,10.382667698466573,0
1794,1,0,0.0,87182,14,0,0,0.0,0,0,11.375925205635527,0
1791,2,0,0.0,86898,26,0,0,0.0,0,0,11.372800956876063,0
1408,1,0,0.0,56596,10,0,0,0.0,0,0,10.943887931455823,0
972,7,0,0.0,36380,18,0,0,0.0,0,0,10.502296580719984,0
30,0,0,0.0,1051,0,0,0,0.0,0,0,6.9584483932976555,0
2970,1,0,0.0,148766,61,0,0,0.0,0,0,11.910546555722002,0
2057,2,0,0.0,92651,58,0,0,0.0,0,0,11.437231620601029,0
1366,2,0,0.0,68264,8,0,0,0.0,0,0,11.13126965261369,0
1266,1,0,0.0,63886,2,0,0,0.0,0,0,11.06490248157219,0
1265,1,0,0.0,63884,2,0,0,0.0,0,0,11.064871176788817,0
1260,5,0,0.0,63870,14,0,0,0.0,0,0,11.064839871025423,0
6159,2,2,0.000324728040266277,912457,16,2,10,1.0959228382648035e-05,6,54,13.723914870882162,0
1866,2,0,0.0,120586,8,0,0,0.0,0,0,11.70019310304594,0
1860,3,2,0.0010746910263299302,119431,17,0,0,0.0,0,10,11.690644781015271,0
1412,2,0,0.0,55273,32,0,0,0.0,0,0,10.920636680720666,0
1979,2,0,0.0,132924,134,0,0,0.0,0,0,11.798547917861054,0
468,3,0,0.0,17575,103,0,0,0.0,0,0,9.780132773506024,0
236,1,0,0.0,10239,2,0,0,0.0,0,0,9.234252192022495,0
156,1,0,0.0,8321,19,0,0,0.0,0,0,9.028938392241612,0
228,1,0,0.0,10144,3,0,0,0.0,0,0,9.225031920719173,0
404,2,0,0.0,18806,10,0,0,0.0,0,0,9.842515995544645,0
402,3,0,0.0,13923,8,0,0,0.0,0,0,9.541943631485891,0
401,1,0,0.0,13920,1,0,0,0.0,0,0,9.541225601728613,0
530,3,0,0.0,15248,24,0,0,0.0,0,0,9.633841842570446,0
5,963,2,0.002070393374741201,28,91913,2,14,0.00015227156546045834,7,4,11.428913222441,1
1,80,0,0.0,61,4807,0,0,0.0,0,0,8.4906438561827,0
1,355,0,0.0,61,49960,0,0,0.0,0,0,10.820218187638668,0
1454,2,0,0.0,788912,10,0,0,0.0,0,0,13.578424003177147,0
9989,1,1,0.00010011012113324657,1391205,6,1,3,2.156394680605602e-06,3,25,14.145685867631933,0
773,2,0,0.0,52911,20,0,0,0.0,0,0,10.87676334989294,0
315,11,0,0.0,21449,30,0,0,0.0,0,0,9.974877548622802,0
191,1,0,0.0,16380,2,0,0,0.0,0,0,9.703999490820264,0
2,482,0,0.0,8,21590,0,0,0.0,0,0,9.980402296304254,0
771,1,0,0.0,735530,2,0,0,0.0,0,0,13.508350685454234,0
5,31,0,0.0,28,1028,0,0,0.0,0,0,6.963189985870238,0
3462,25,9,0.002587694077055779,632113,3086,6,38,5.9823771762864864e-05,15,80,13.361695188915062,1
130,5,0,0.0,3415,20,0,0,0.0,0,0,8.142063283104147,0
211,1,0,0.0,8755,2,0,0,0.0,0,0,9.077722847361343,0
371,1,0,0.0,11561,12,0,0,0.0,0,0,9.356516482133785,0
2461,1,0,0.0,874356,38,0,0,0.0,0,0,13.681287497621346,0
769,1,1,0.0013003901170351106,56235,2,1,2,3.5563774739050804e-05,2,2,10.93734796397454,0
2209,1,0,0.0,860661,79,0,0,0.0,0,0,13.66554892514843,0
507,1,0,0.0,35157,2,0,0,0.0,0,0,10.467664351799113,0
506,1,0,0.0,35145,2,0,0,0.0,0,0,10.467322996615733,0
423,1,1,0.002364066193853428,32658,2,0,0,0.0,0,2,10.39393698454929,0
461,1,0,0.0,19684,2,0,0,0.0,0,0,9.887713798420087,0
543,1,0,0.0,18367,18,0,0,0.0,0,0,9.8193447844237,0
746,6,0,0.0,19716,18,0,0,0.0,0,0,9.890148988096948,0
215,1,0,0.0,7490,2,0,0,0.0,0,0,8.92172453036431,0
215,1,0,0.0,7492,2,0,0,0.0,0,0,8.921991410536698,0
210,2,0,0.0,7415,4,0,0,0.0,0,0,8.911934336161426,0
1365,1,0,0.0,529921,4,0,0,0.0,0,0,13.180492653138646,0
297,1,0,0.0,13192,2,0,0,0.0,0,0,9.487593248937424,0
498,2,0,0.0,468595,10,0,0,0.0,0,0,13.057517609071171,0
559,1,0,0.0,23003,24,0,0,0.0,0,0,10.0444661457957,0
126,3,0,0.0,3997,85,0,0,0.0,0,0,8.314587291319576,0
2664,1,0,0.0,184154,12,0,0,0.0,0,0,12.123598233659049,0
271,11,0,0.0,11427,85,0,0,0.0,0,0,9.351232110673664,0
424,2,0,0.0,21925,30,0,0,0.0,0,0,9.99679572966978,0
295,5,4,0.013513513513513514,20435,26,0,0,0.0,0,8,9.926324786438885,0
291,4,0,0.0,20411,24,0,0,0.0,0,0,9.92505333045069,0
338,4,0,0.0,25215,24,0,0,0.0,0,0,10.13618531665515,0
907,1,0,0.0,49350,57,0,0,0.0,0,0,10.807867633384449,0
302,2,0,0.0,23901,4,0,0,0.0,0,0,10.081884752437926,0
9024,2,1,0.00011080332409972299,820797,261,0,0,0.0,0,5,13.618350249433501,0
7859,1,1,0.0001272426517368622,709450,1,0,0,0.0,0,4,13.472248120016692,0
62,1,0,0.0,2135,1,0,0,0.0,0,0,7.667158255319148,0
2,9764,2,0.00020483408439164277,60,873149,1,5,5.726006030629551e-06,5,11,13.679931355722447,1
85,6,0,0.0,2292,12,0,0,0.0,0,0,7.742835955430749,0
120,5,5,0.041666666666666664,7228,30,0,0,0.0,0,10,8.889997357284841,0
113,5,0,0.0,7126,100,0,0,0.0,0,0,8.885579291282982,0
29,7,0,0.0,968,22,0,0,0.0,0,0,6.898714534329988,0
88,1,0,0.0,2290,4,0,0,0.0,0,0,7.738488122494646,0
171,1,0,0.0,2731,6,0,0,0.0,0,0,7.914983005848394,0
2270,2,1,0.00044033465433729633,148289,36,0,0,0.0,0,7,11.907167833055912,0
406,5,0,0.0,19120,30,0,0,0.0,0,0,9.860110212566559,0
488,1,0,0.0,26054,9,0,0,0.0,0,0,10.168310330841827,0
598,1,0,0.0,62654,2,0,0,0.0,0,0,11.045430685926252,0
146,1,0,0.0,3771,2,0,0,0.0,0,0,8.235890725928495,0
135,1,0,0.0,3479,2,0,0,0.0,0,0,8.155362120328135,0
134,1,0,0.0,3477,2,0,0,0.0,0,0,8.15478757276852,0
1180,2,0,0.0,69295,38,0,0,0.0,0,0,11.146690685353732,0
180,1,0,0.0,5345,2,0,0,0.0,0,0,8.584477938221834,0
175,2,0,0.0,5188,6,0,0,0.0,0,0,8.555451903533328,0
174,1,0,0.0,5186,2,0,0,0.0,0,0,8.55429627936774,0
1092,2,0,0.0,60861,37,0,0,0.0,0,0,11.016972033201926,0
2386,1,1,0.00041911148365465214,131751,41,0,0,0.0,0,23,11.788987788866217,0
7312,1,0,0.0,642048,2,0,0,0.0,0,0,13.372423018769304,0
866,5,4,0.00461361014994233,35454,30,0,0,0.0,0,8,10.476865350959084,0
3,5243,2,0.00038138825324180017,233,422401,3,9,2.129502122403782e-05,7,24,12.954264201368824,1
232,1,0,0.0,7693,6,0,0,0.0,0,0,8.948975607841776,0
755,2,1,0.0013227513227513227,56558,4,0,0,0.0,0,2,10.943110340182217,0
969,1,0,0.0,50088,2,0,0,0.0,0,0,10.821596630217067,0
39,4,0,0.0,907,18,0,0,0.0,0,0,6.8308742346461795,0
211,1,0,0.0,5918,2,0,0,0.0,0,0,8.686260632531775,0
205,1,0,0.0,5883,2,0,0,0.0,0,0,8.680331928793418,0
204,1,0,0.0,5881,2,0,0,0.0,0,0,8.679992081721329,0
200,3,0,0.0,5874,6,0,0,0.0,0,0,8.679482094459956,0
6428,2,2,0.00031113876789047915,505579,6,0,0,0.0,0,20,13.133473431557995,0
1359,1,1,0.0007358351729212656,55263,3,0,0,0.0,0,5,10.919931264360121,0
3654,36,5,0.0013568521031207597,280147,2778,0,0,0.0,0,28,12.552940658333506,0
194,1,0,0.0,15403,19,0,0,0.0,0,0,9.643615180723614,0
9831,23,2,0.00020300446609825416,756977,1627,1,7,9.227475731738825e-06,7,40,13.539236499304062,0
159,31,27,0.1656441717791411,7456,586,49,711,0.08841084307386222,151,102,8.99255742690407,0
1,115,0,0.0,19,3305,0,0,0.0,0,0,8.109224953089955,0
31,450,1,0.0020833333333333333,588,16322,1,6,0.00035481963335304555,6,2,9.735719576749684,1
1,166,0,0.0,19,5641,0,0,0.0,0,0,8.64135583403666,0
527,1,0,0.0,12351,11,0,0,0.0,0,0,9.422463420006927,0
651,1,0,0.0,18421,4,0,0,0.0,0,0,9.821517989668877,0
1090,1,0,0.0,71947,1,0,0,0.0,0,0,11.183712813678275,0
10473,3,1,9.546539379474941e-05,850409,96,0,0,0.0,0,5,13.65358674546689,0
521,1,0,0.0,41884,1,0,0,0.0,0,0,10.642706921198457,0
495,1,0,0.0,40787,4,0,0,0.0,0,0,10.616241262734992,0
532,7,0,0.0,17566,24,0,0,0.0,0,0,9.775142686598905,0
1246,3,0,0.0,104729,79,0,0,0.0,0,0,11.559894925044382,0
686,1,0,0.0,61782,11,0,0,0.0,0,0,11.031561551353857,0
634,7,0,0.0,55929,16,0,0,0.0,0,0,10.932142218780436,0
518,1,0,0.0,48488,2,0,0,0.0,0,0,10.789133492695578,0
828,5,0,0.0,69365,12,0,0,0.0,0,0,11.147325093357017,0
520,1,0,0.0,48602,2,0,0,0.0,0,0,10.79148168525517,0
1965,1,0,0.0,146295,14,0,0,0.0,0,0,11.893482937372209,0
722,1,0,0.0,44682,10,0,0,0.0,0,0,10.707572168786097,0
2848,1,0,0.0,192427,6,0,0,0.0,0,0,12.16750851677817,0
0,1,0,0.0,0,11,0,0,0.0,0,0,2.4849066497880004,0
4054,2,0,0.0,235584,94,0,0,0.0,0,0,12.370225988646043,0
115,6,0,0.0,12208,18,0,0,0.0,0,0,9.41140190014419,0
1179,15,4,0.0033613445378151263,81846,358,1,4,4.865943263101552e-05,4,16,11.316971406444978,0
1874,1,0,0.0,112002,4,0,0,0.0,0,0,11.626316648324188,0
2859,2,0,0.0,138207,62,0,0,0.0,0,0,11.836963574382663,0
300,1,0,0.0,20942,8,0,0,0.0,0,0,9.949941656908011,0
9895,1,0,0.0,684570,4,0,0,0.0,0,0,13.436553486736882,0
808,2,0,0.0,40795,34,0,0,0.0,0,0,10.617172384313621,0
1363,1,0,0.0,64364,188,0,0,0.0,0,0,11.075241870795141,0
873,44,0,0.0,41292,2522,0,0,0.0,0,0,10.687731503489951,0
434,1,0,0.0,27531,82,0,0,0.0,0,0,10.226078169476098,0
388,11,1,0.002512562814070352,24672,292,0,0,0.0,0,3,10.12523012293471,0
7615,8,0,0.0,368015,877,0,0,0.0,0,0,12.818261908072666,0
413,9,0,0.0,34777,42,0,0,0.0,0,0,10.45794721332218,0
965,1,0,0.0,58454,4,0,0,0.0,0,0,10.976080932805624,0
442,1,0,0.0,35596,2,0,0,0.0,0,0,10.480072826557953,0
53,2,0,0.0,1729,61,0,0,0.0,0,0,7.490529402060711,0
20,2262,5,0.0021958717610891525,854,94218,2,8,8.41467519353753e-05,7,21,11.462400296551008,0
250,13,1,0.003816793893129771,8131,351,0,0,0.0,0,4,9.045819439807735,0
9,14807,2,0.00013500742540839745,42,1482747,1,7,4.72083351036459e-06,7,30,14.209436006238132,1
270,6,0,0.0,8496,16,0,0,0.0,0,0,9.049349685884057,0
703,17,0,0.0,28063,1317,0,0,0.0,0,0,10.288103485908332,0
1215,1,0,0.0,39944,2,0,0,0.0,0,0,10.595308854507401,0
418,2,1,0.002386634844868735,16391,12,0,0,0.0,0,5,9.705280486511949,0
102,7,0,0.0,2688,16,0,0,0.0,0,0,7.902857191280582,0
315,1,0,0.0,10503,2,0,0,0.0,0,0,9.259701801513907,0
287,6,0,0.0,9232,22,0,0,0.0,0,0,9.132919225007598,0
2280,1,0,0.0,90490,38,0,0,0.0,0,0,11.413425520346399,0
251,6,0,0.0,8976,18,0,0,0.0,0,0,9.104424146384634,0
303,4,1,0.0032679738562091504,11836,10,0,0,0.0,0,2,9.37982994995476,0
1586,1,0,0.0,60898,2,0,0,0.0,0,0,11.017004873924424,0
1077,1,0,0.0,34016,2,0,0,0.0,0,0,10.434674471043987,0
815,1,0,0.0,24431,16,0,0,0.0,0,0,10.104303691966248,0
391,3,0,0.0,10225,51,0,0,0.0,0,0,9.237663667625073,0
204,2,1,0.004878048780487805,3837,70,0,0,0.0,0,2,8.270781013162674,0
169,16,0,0.0,9626,402,0,0,0.0,0,0,9.213236175088209,0
6436,2,0,0.0,269505,12,0,0,0.0,0,0,12.504390457453317,0
511,2,0,0.0,14318,8,0,0,0.0,0,0,9.569901147893372,0
240,3,0,0.0,6916,18,0,0,0.0,0,0,8.844336332748933,0
97,10,0,0.0,3093,26,0,0,0.0,0,0,8.045588280803528,0
1616,1,0,0.0,63526,44,0,0,0.0,0,0,11.059912670497306,0
362,1,0,0.0,15423,166,0,0,0.0,0,0,9.654384962051822,0
996,3,1,0.001002004008016032,37460,4,0,0,0.0,0,2,10.531162442798411,0
147,11,0,0.0,3620,32,0,0,0.0,0,0,8.203304026795282,0
1921,7,0,0.0,74229,28,0,0,0.0,0,0,11.21530079496871,0
202,11,2,0.009478672985781991,6559,334,0,0,0.0,0,8,8.83840674707681,0
126,7,0,0.0,3579,675,0,0,0.0,0,0,8.355850041007475,0
2,11651,2,0.00017165908505707665,6,867147,0,0,0.0,0,28,13.672971863980178,0
3,18044,3,0.00016626025271558413,4,1851903,0,0,0.0,0,72,14.431727016928448,0
1138,51,9,0.007627118644067797,42731,2513,9,750,0.016576783661922022,208,18,10.719847445785234,1
368,9,0,0.0,14795,431,0,0,0.0,0,0,9.630825446840733,0
1281,12,0,0.0,62511,44,0,0,0.0,0,0,11.043817434556106,0
9,3393,3,0.00088261253309797,431,135926,1,36,0.00026401284862529974,36,15,11.823039059086488,0
1,7095,1,0.00014094432699083862,6,327270,0,0,0.0,0,6,12.6985621860983,0
1460,9,0,0.0,62574,47,0,0,0.0,0,0,11.044871933048107,0
2088,3,0,0.0,75865,69,0,0,0.0,0,0,11.23763299016437,0
83,1,0,0.0,20129,2,0,0,0.0,0,0,9.91006586789625,0
70,9,0,0.0,12769,28,0,0,0.0,0,0,9.457044187699406,0
17707,1,1,5.64748404585757e-05,1794133,22,0,0,0.0,0,10,14.40004527434212,0
28,1,0,0.0,1383,6,0,0,0.0,0,0,7.237059026124737,0
186,1,0,0.0,12030,16,0,0,0.0,0,0,9.396570945266852,0
6200,1,1,0.00016129032258064516,260743,9,1,10,3.835061667791618e-05,10,5,12.471328878070084,0
6804,1,1,0.00014697236919459142,320479,2,0,0,0.0,0,3,12.677581391519213,0
4707,2,0,0.0,172230,20,0,0,0.0,0,0,12.056707994374293,0
258,13,0,0.0,5190,2134,0,0,0.0,0,0,8.899048433885268,0
73,3,1,0.013333333333333334,2049,6,0,0,0.0,0,3,7.628517626575055,0
62,1,0,0.0,883,4,0,0,0.0,0,0,6.78897174299217,0
228,1,0,0.0,13978,2,0,0,0.0,0,0,9.545454543987825,0
102,2,0,0.0,6941,17,0,0,0.0,0,0,8.84779106484485,0
9,1534,0,0.0,431,35829,0,0,0.0,0,0,10.498498062527567,0
599,1,0,0.0,21023,6,0,0,0.0,0,0,9.953705268696746,0
71,2,0,0.0,1680,3,0,0,0.0,0,0,7.428927194802272,0
6127,1,1,0.00016321201240411296,315228,2,1,2,6.3445738032547665e-06,2,2,12.6610609823836,0
5451,6,0,0.0,242033,328,0,0,0.0,0,0,12.398187755211707,0
627,2,0,0.0,13521,8,0,0,0.0,0,0,9.512664721164834,0
9,9283,4,0.0004306632213608958,431,584888,0,0,0.0,0,18,13.279913985206363,0
1785,3,0,0.0,42675,36,0,0,0.0,0,0,10.662235190180022,0
2,5987,2,0.00033405712376816435,3,306572,1,6,1.957106743863655e-05,6,6,12.63322096446948,1
6,11408,6,0.0005259467040673212,22,952874,9,63,6.611424541607899e-05,7,20,13.767262097047139,1
8450,1,0,0.0,503312,2,0,0,0.0,0,0,13.128971495618574,0
4209,1,1,0.00023758612497030174,162290,2,0,0,0.0,0,3,11.997158622566396,0
1186,3,0,0.0,31258,80,0,0,0.0,0,0,10.352618607296279,0
11094,4,2,0.0001802451333813987,914939,117,0,0,0.0,0,14,13.726741637399368,0
2564,2,0,0.0,77459,6,0,0,0.0,0,0,11.257594409402774,0
103,1,0,0.0,1338,16,0,0,0.0,0,0,7.2115567333138015,0
27,1,0,0.0,636,2,0,0,0.0,0,0,6.459904454377535,0
1,1561,0,0.0,15,55109,0,0,0.0,0,0,10.917358612749148,0
8,1,0,0.0,64,12,0,0,0.0,0,0,4.343805421853684,0
2965,1,0,0.0,110468,8,0,0,0.0,0,0,11.61256263347843,0
2960,1,0,0.0,110437,2,0,0,0.0,0,0,11.61222766604409,0
421,1,0,0.0,21978,5,0,0,0.0,0,0,9.998070195022075,0
10883,5,4,0.0003675119441381845,913600,12,1,7,7.661895859511477e-06,7,84,13.725162347204712,0
3127,2,0,0.0,122920,9,0,0,0.0,0,0,11.719370366661387,0
2323,1,0,0.0,75887,2,0,0,0.0,0,0,11.237040202397958,0
551,1,0,0.0,15273,4,0,0,0.0,0,0,9.634169164101305,0
547,1,0,0.0,15227,4,0,0,0.0,0,0,9.631153757031147,0
23,561,0,0.0,1268,13246,0,0,0.0,0,0,9.58293787645873,0
1940,1,1,0.0005154639175257732,71859,10,0,0,0.0,0,2,11.182614210462487,0
2903,8,0,0.0,132774,102,0,0,0.0,0,0,11.79717916727133,0
24,9618,4,0.0004150238638721727,1274,711422,2,17,2.3853087431387295e-05,10,28,13.476811644136358,1
213,1,0,0.0,6902,29,0,0,0.0,0,0,8.843903650835497,0
918,1,0,0.0,30772,23,0,0,0.0,0,0,10.33514009039794,0
15943,1,0,0.0,1538292,36,0,0,0.0,0,0,14.246207320345604,0
10137,6,5,0.0004931939238508582,838722,16,7,49,5.8421104087331204e-05,7,18,13.639654852427931,0
913,2,1,0.0010940919037199124,37464,10,0,0,0.0,0,3,10.531429322970798,0
410,1,0,0.0,9339,1,0,0,0.0,0,0,9.14216859187285,0
5,9742,4,0.0004105511649389305,16,747041,7,49,6.559071128441337e-05,7,15,13.523898105009792,1
32,1,0,0.0,175,2,0,0,0.0,0,0,5.181783550292085,0
1,59,0,0.0,2,1910,0,0,0.0,0,0,7.556427969440253,0
1540,16,0,0.0,240904,150,0,0,0.0,0,0,12.39278040220317,0
1537,1,0,0.0,239768,1,0,0,0.0,0,0,12.387435409495817,0
1536,2,0,0.0,239770,26,0,0,0.0,0,0,12.38754801107194,0
1536,12,0,0.0,239768,101,0,0,0.0,0,0,12.387852388903076,0
1533,14,0,0.0,240357,400,0,0,0.0,0,0,12.391547558599457,0
1522,9,0,0.0,238866,144,0,0,0.0,0,0,12.384264854959127,0
1520,21,0,0.0,239339,1096,0,0,0.0,0,0,12.390209220847689,0
1534,2,0,0.0,239987,33,0,0,0.0,0,0,12.388481698496227,0
1532,27,0,0.0,243259,4746,0,0,0.0,0,0,12.421208218402848,0
1536,4,1,0.000649772579597141,239248,56,1,9,3.7609066292247515e-05,9,2,12.385494167953151,1
1532,1,0,0.0,243193,6,0,0,0.0,0,0,12.40163942907415,0
1528,5,0,0.0,242163,105,0,0,0.0,0,0,12.397803958049982,0
1522,15,0,0.0,241664,469,0,0,0.0,0,0,12.397246570901284,0
1465,15,0,0.0,227697,73,0,0,0.0,0,0,12.33609601723809,0
1465,6,0,0.0,227697,21,0,0,0.0,0,0,12.335867691697569,0
1462,4,0,0.0,227406,14,0,0,0.0,0,0,12.334558204319693,0
1451,8,0,0.0,226773,122,0,0,0.0,0,0,12.332247041701127,0
1451,1,0,0.0,207890,4,0,0,0.0,0,0,12.244788423532848,0
1451,1,0,0.0,210613,10,0,0,0.0,0,0,12.257829832303011,0
1451,2,0,0.0,207896,127,0,0,0.0,0,0,12.245408736642547,0
1451,1,0,0.0,210580,37,0,0,0.0,0,0,12.257801345115123,0
1450,13,0,0.0,226708,298,0,0,0.0,0,0,12.332736132992494,0
5,8,0,0.0,82,220,0,0,0.0,0,0,5.713732805509369,0
4,1,1,0.25,34,28,0,0,0.0,0,2,4.143134726391533,0
1450,1,0,0.0,210457,4,0,0,0.0,0,0,12.257060393243092,0
1,3,0,0.0,4,30,0,0,0.0,0,0,3.5553480614894135,0
1447,17,0,0.0,226868,634,0,0,0.0,0,0,12.334918704099383,0
1447,1,0,0.0,208214,4,0,0,0.0,0,0,12.24634568940459,0
1447,1,0,0.0,207374,4,0,0,0.0,0,0,12.242303316034869,0
3,7,1,0.1111111111111111,6,348,0,0,0.0,0,2,5.872117789475416,0
1373,1,0,0.0,202015,44,0,0,0.0,0,0,12.216319961981723,0
1373,1,0,0.0,201233,2,0,0,0.0,0,0,12.212233627643647,0
1517,2,0,0.0,214642,67,0,0,0.0,0,0,12.277043559400752,0
1517,1,0,0.0,217307,1,0,0,0.0,0,0,12.28907558278215,0
1517,1,0,0.0,214627,18,0,0,0.0,0,0,12.276745438491885,0
1517,1,0,0.0,215438,48,0,0,0.0,0,0,12.280655861880337,0
1517,1,0,0.0,218055,27,0,0,0.0,0,0,12.292631003255403,0
1517,3,0,0.0,215396,313,0,0,0.0,0,0,12.281690191988762,0
1517,2,0,0.0,217889,229,0,0,0.0,0,0,12.292796064397177,0
1514,2,0,0.0,215051,4,0,0,0.0,0,0,12.278653738310929,0
1514,3,0,0.0,214073,6,0,0,0.0,0,0,12.274105055922,0
1514,2,0,0.0,216748,6,0,0,0.0,0,0,12.286522962427474,0
1514,2,0,0.0,214073,18,0,0,0.0,0,0,12.274161108162703,0
1514,2,0,0.0,216730,14,0,0,0.0,0,0,12.286476826325966,0
1514,1,0,0.0,216617,10,0,0,0.0,0,0,12.285936875739093,0
1508,19,0,0.0,214768,2940,0,0,0.0,0,0,12.290914587663472,0
1505,12,0,0.0,216218,2571,0,0,0.0,0,0,12.295867644646389,0
1505,5,0,0.0,211917,59,0,0,0.0,0,0,12.264233057202585,0
1504,1,0,0.0,211508,4,0,0,0.0,0,0,12.26204174130057,0
1504,1,0,0.0,214170,8,0,0,0.0,0,0,12.27456739297394,0
1504,2,0,0.0,211394,23,0,0,0.0,0,0,12.261592495434943,0
1504,2,0,0.0,211360,129,0,0,0.0,0,0,12.261932995026795,0
1504,2,0,0.0,213996,12,0,0,0.0,0,0,12.273773349194423,0
1504,6,0,0.0,211360,114,0,0,0.0,0,0,12.261862067172215,0
1504,1,0,0.0,213904,2,0,0,0.0,0,0,12.273296620107725,0
1504,2,0,0.0,210996,25,0,0,0.0,0,0,12.259717672425788,0
1504,2,0,0.0,213517,26,0,0,0.0,0,0,12.271598179410372,0
1504,8,0,0.0,230172,28,0,0,0.0,0,0,12.346708119309138,0
1504,4,0,0.0,230183,31,0,0,0.0,0,0,12.34676893387685,0
1,2,0,0.0,9,11,0,0,0.0,0,0,3.044522437723423,0
3,3,0,0.0,71,940,0,0,0.0,0,0,6.919683849847411,0
4,3,2,0.4,342,372,0,0,0.0,0,5,6.5722825426940075,0
1358,1,0,0.0,194416,41,0,0,0.0,0,0,12.177971480419265,0
1358,2,0,0.0,193995,12,0,0,0.0,0,0,12.17565467430864,0
1358,1,0,0.0,213216,2,0,0,0.0,0,0,12.27007508550191,0
1358,1,0,0.0,213216,5,0,0,0.0,0,0,12.270089155443591,0
1358,1,0,0.0,195933,5,0,0,0.0,0,0,12.185558665282466,0
1358,1,0,0.0,193975,15,0,0,0.0,0,0,12.175567045216757,0
1358,2,0,0.0,196508,35,0,0,0.0,0,0,12.188641603800495,0
1358,2,0,0.0,193935,4,0,0,0.0,0,0,12.175304111858537,0
1358,7,0,0.0,213133,57,0,0,0.0,0,0,12.269943756499119,0
2,4,0,0.0,7,48,0,0,0.0,0,0,4.02535169073515,0
9,2,0,0.0,238,7,0,0,0.0,0,0,5.5053315359323625,0
1358,1,0,0.0,193879,13,0,0,0.0,0,0,12.175061739496051,0
1358,2,0,0.0,193845,28,0,0,0.0,0,0,12.174963742502932,0
1358,2,0,0.0,196390,24,0,0,0.0,0,0,12.187985046731518,0
1358,8,0,0.0,213052,236,0,0,0.0,0,0,12.270403332571735,0
3,1,1,0.3333333333333333,18,19,0,0,0.0,0,4,3.6375861597263857,0
1358,1,0,0.0,196195,7,0,0,0.0,0,0,12.186905116516378,0
1358,6,0,0.0,212976,28,0,0,0.0,0,0,12.269070918594451,0
1358,1,0,0.0,195487,2,0,0,0.0,0,0,12.183264506204166,0
1358,1,0,0.0,193577,1,0,0,0.0,0,0,12.173440976866821,0
1358,2,0,0.0,212935,17,0,0,0.0,0,0,12.268826763066167,0
1358,1,0,0.0,212935,3,0,0,0.0,0,0,12.268761018699028,0
1358,5,0,0.0,212932,48,0,0,0.0,0,0,12.268958238834903,0
4,1,0,0.0,46,2,0,0,0.0,0,0,3.8918202981106265,0
1358,3,0,0.0,193371,148,0,0,0.0,0,0,12.173136145283909,0
1358,1,0,0.0,195774,8,0,0,0.0,0,0,12.184762182020117,0
1358,1,0,0.0,193323,19,0,0,0.0,0,0,12.172221092604534,0
1358,7,0,0.0,212606,36,0,0,0.0,0,0,12.267369982199694,0
1357,3,0,0.0,196950,219,0,0,0.0,0,0,12.191821579760314,0
1352,4,0,0.0,192228,171,0,0,0.0,0,0,12.167331817213743,0
1352,3,0,0.0,194469,124,0,0,0.0,0,0,12.178670615781835,0
1300,3,0,0.0,190459,28,0,0,0.0,0,0,12.157344479438821,0
1300,1,0,0.0,187674,5,0,0,0.0,0,0,12.142493663887302,0
1300,1,0,0.0,190052,1,0,0,0.0,0,0,12.155063521288778,0
1300,2,0,0.0,187675,66,0,0,0.0,0,0,12.142823958865026,0
1300,2,0,0.0,189986,79,0,0,0.0,0,0,12.155126659245234,0
1300,1,0,0.0,189923,1,0,0,0.0,0,0,12.154384536371422,0
1300,1,0,0.0,188974,64,0,0,0.0,0,0,12.149708621961059,0
1300,1,0,0.0,191353,45,0,0,0.0,0,0,12.162115533326945,0
1300,10,0,0.0,187425,258,0,0,0.0,0,0,12.142514976533162,0
1299,2,0,0.0,186385,36,0,0,0.0,0,0,12.13576820002021,0
1299,2,0,0.0,188512,37,0,0,0.0,0,0,12.147118502686503,0
1299,2,0,0.0,185505,61,0,0,0.0,0,0,12.1311712818015,0
1299,1,0,0.0,186842,10,0,0,0.0,0,0,12.13807749044436,0
1299,1,0,0.0,189228,6,0,0,0.0,0,0,12.150744907920656,0
1299,2,0,0.0,187722,12,0,0,0.0,0,0,12.142786672959362,0
1295,2,0,0.0,186918,61,0,0,0.0,0,0,12.138756938245306,0
1295,2,0,0.0,184742,24,0,0,0.0,0,0,12.126850850815373,0
1295,2,0,0.0,186902,7,0,0,0.0,0,0,12.138382496560224,0
1295,6,0,0.0,186898,138,0,0,0.0,0,0,12.139061737227392,0
1290,3,0,0.0,184703,365,0,0,0.0,0,0,12.128484007496306,0
1290,1,0,0.0,184034,12,0,0,0.0,0,0,12.122946438755822,0
1290,1,0,0.0,186059,10,0,0,0.0,0,0,12.133878225981688,0
1290,1,0,0.0,182240,1,0,0,0.0,0,0,12.113090753159858,0
1290,1,0,0.0,184454,1,0,0,0.0,0,0,12.125166231636449,0
1278,2,0,0.0,179471,102,0,0,0.0,0,0,12.098342658223613,0
1276,8,0,0.0,181610,261,0,0,0.0,0,0,12.111058421926492,0
0,2,0,0.0,0,4,0,0,0.0,0,0,1.6094379124341003,0
1275,3,0,0.0,181439,19,0,0,0.0,0,0,12.108785011852047,0
1271,5,0,0.0,180699,587,0,0,0.0,0,0,12.107836689814643,0
1269,4,0,0.0,182139,479,0,0,0.0,0,0,12.115157294303843,0
1269,1,0,0.0,179912,3,0,0,0.0,0,0,12.100245354282903,0
1269,1,0,0.0,180060,21,0,0,0.0,0,0,12.101167581693973,0
1267,7,0,0.0,179900,1104,0,0,0.0,0,0,12.106279934175811,0
1266,5,0,0.0,181104,643,0,0,0.0,0,0,12.110376391208673,0
3,1,0,0.0,351,2,0,0,0.0,0,0,5.869296913133774,0
1266,3,0,0.0,178782,21,0,0,0.0,0,0,12.094045512835969,0
1265,1,0,0.0,176109,15,0,0,0.0,0,0,12.078949249200981,0
1255,2,0,0.0,174633,15,0,0,0.0,0,0,12.070533524481398,0
1255,3,0,0.0,174490,116,0,0,0.0,0,0,12.07029301322202,0
1255,2,0,0.0,176737,26,0,0,0.0,0,0,12.08257078854283,0
1254,4,0,0.0,176259,178,0,0,0.0,0,0,12.080724818856513,0
1253,1,0,0.0,173350,6,0,0,0.0,0,0,12.063108331030511,0
21,1,0,0.0,1977,36,0,0,0.0,0,0,7.607878073278507,0
1253,3,0,0.0,173114,77,0,0,0.0,0,0,12.062156084667267,0
1253,2,0,0.0,175631,8,0,0,0.0,0,0,12.076191724675654,0
1253,2,0,0.0,177424,6,0,0,0.0,0,0,12.086337079927217,0
1253,8,0,0.0,172885,95,0,0,0.0,0,0,12.060937040858938,0
1253,2,0,0.0,175194,86,0,0,0.0,0,0,12.074145679410536,0
1253,1,0,0.0,172818,33,0,0,0.0,0,0,12.060191016008893,0
1253,3,0,0.0,172806,13,0,0,0.0,0,0,12.06000586939539,0
1253,2,0,0.0,175121,2,0,0,0.0,0,0,12.07324957341601,0
1253,1,0,0.0,172777,2,0,0,0.0,0,0,12.059774387912876,0
1253,1,0,0.0,172777,6,0,0,0.0,0,0,12.05979753847254,0
1253,3,0,0.0,176682,29,0,0,0.0,0,0,12.082276567716663,0
1253,1,0,0.0,174502,9,0,0,0.0,0,0,12.069748786168525,0
1253,1,0,0.0,172060,3,0,0,0.0,0,0,12.055621779609405,0
1215,3,0,0.0,163138,119,0,0,0.0,0,0,12.003087050532173,0
1215,2,1,0.0008223684210526315,165514,18,1,11,6.645240799362057e-05,11,2,12.016925849692953,1
1215,1,0,0.0,162941,24,0,0,0.0,0,0,12.001296869074142,0
1213,11,0,0.0,162942,1264,0,0,0.0,0,0,12.008883106029673,0
1206,16,0,0.0,165162,384,0,0,0.0,0,0,12.017010421397726,0
1204,1,0,0.0,164978,2,0,0,0.0,0,0,12.01358559473712,0
1204,10,0,0.0,164978,176,0,0,0.0,0,0,12.014639705867756,0
1204,14,0,0.0,166704,234,0,0,0.0,0,0,12.025383755210676,0
1203,1,0,0.0,164561,4,0,0,0.0,0,0,12.011066984527496,0
1203,4,0,0.0,162367,171,0,0,0.0,0,0,11.998673251956536,0
1203,2,0,0.0,164564,4,0,0,0.0,0,0,12.01108521412933,0
1189,32,0,0.0,175322,3018,0,0,0.0,0,0,12.091452726940167,0
1187,7,0,0.0,160869,175,0,0,0.0,0,0,11.989439108018473,0
1187,3,0,0.0,162668,17,0,0,0.0,0,0,11.999577241563797,0
0,1,0,0.0,0,2,0,0,0.0,0,0,1.0986122886681098,0
1185,3,0,0.0,158296,102,0,0,0.0,0,0,11.972872445211221,0
1185,4,0,0.0,160461,131,0,0,0.0,0,0,11.986628492994441,0
1185,1,0,0.0,160449,5,0,0,0.0,0,0,11.985768808408341,0
1185,1,0,0.0,160735,22,0,0,0.0,0,0,11.98765540758005,0
1185,1,0,0.0,162529,22,0,0,0.0,0,0,11.99875322956285,0
1180,6,0,0.0,160447,1807,0,0,0.0,0,0,11.9969244507325,0
1178,4,0,0.0,160436,887,0,0,0.0,0,0,11.991170044117542,0
1178,2,0,0.0,155327,15,0,0,0.0,0,0,11.953390854263015,0
7,4,0,0.0,81,818,0,0,0.0,0,0,6.802394763324311,0
1178,2,0,0.0,155327,20,0,0,0.0,0,0,11.953423040583187,0
1178,1,0,0.0,157457,16,0,0,0.0,0,0,11.967015644255648,0
1178,1,0,0.0,157442,1957,0,0,0.0,0,0,11.979172045338252,0
1178,1,0,0.0,159768,112,0,0,0.0,0,0,11.982185067496717,0
1178,1,0,0.0,158890,1,0,0,0.0,0,0,11.975980005127758,0
1179,1,0,0.0,157489,6,0,0,0.0,0,0,11.967155340099923,0
1178,2,0,0.0,154334,45,0,0,0.0,0,0,11.947172374503845,0
1178,1,0,0.0,157044,63,0,0,0.0,0,0,11.964688745926177,0
1178,6,0,0.0,157022,141,0,0,0.0,0,0,11.965045125117403,0
1,1,0,0.0,6,52,0,0,0.0,0,0,4.07753744390572,0
6,1,0,0.0,392,8,0,0,0.0,0,0,5.993961427306569,0
1178,5,0,0.0,158257,78,0,0,0.0,0,0,11.972474636312105,0
1178,6,0,0.0,159128,113,0,0,0.0,0,0,11.97818033669376,0
1178,1,0,0.0,154051,43,0,0,0.0,0,0,11.945324574318473,0
1178,1,0,0.0,156838,222,0,0,0.0,0,0,11.964389543902103,0
1,5,0,0.0,2,78,0,0,0.0,0,0,4.394449154672439,0
5,1,0,0.0,46,2,0,0,0.0,0,0,3.8918202981106265,0
1174,12,0,0.0,153988,736,0,0,0.0,0,0,11.949404626607562,0
1174,2,0,0.0,153986,6,0,0,0.0,0,0,11.944662425817222,0
1174,2,0,0.0,156071,4,0,0,0.0,0,0,11.958098347085457,0
1174,1,0,0.0,156975,2,0,0,0.0,0,0,11.96386094712315,0
1174,1,0,0.0,157857,4,0,0,0.0,0,0,11.969476512636083,0
1174,1,0,0.0,153467,47,0,0,0.0,0,0,11.94155356110482,0
1174,1,0,0.0,155553,30,0,0,0.0,0,0,11.954941057675795,0
1174,4,0,0.0,153116,251,0,0,0.0,0,0,11.940595541199885,0
1174,4,0,0.0,154957,154,0,0,0.0,0,0,11.95190271561084,0
1174,1,0,0.0,154943,10,0,0,0.0,0,0,11.95088357766166,0
1174,3,0,0.0,156101,135,0,0,0.0,0,0,11.959129364137336,0
1174,1,0,0.0,156954,87,0,0,0.0,0,0,11.964268564478008,0
1174,7,0,0.0,152853,216,0,0,0.0,0,0,11.938650612085754,0
1,1,0,0.0,36,2,0,0,0.0,0,0,3.6635616461296463,0
2,4,0,0.0,101,112,0,0,0.0,0,0,5.365976015021851,0
4,1,0,0.0,65,44,0,0,0.0,0,0,4.700480365792417,0
1173,3,0,0.0,152542,8,0,0,0.0,0,0,11.935254245351125,0
1173,2,0,0.0,152542,147,0,0,0.0,0,0,11.936165001177557,0
31,40,3,0.04411764705882353,738,2610,1,4,0.0011947431302270011,4,12,8.116417072794205,0
1165,5,0,0.0,151077,85,0,0,0.0,0,0,11.92611400378673,0
1163,11,0,0.0,152716,341,0,0,0.0,0,0,11.93857221350734,0
2,2,0,0.0,33,28,0,0,0.0,0,0,4.127134385045092,0
1,2,0,0.0,21,33,0,0,0.0,0,0,4.007333185232471,0
1157,1,0,0.0,147904,21,0,0,0.0,0,0,11.904467427704569,0
1152,30,0,0.0,150334,971,0,0,0.0,0,0,11.927059555302119,0
1152,31,0,0.0,150407,482,0,0,0.0,0,0,11.924306373507697,0
1152,18,0,0.0,146601,752,0,0,0.0,0,0,11.900593134047812,0
1149,19,1,0.000856898029134533,147720,2605,1,7,4.6565774155995343e-05,7,2,11.920561548139094,1
9,1,1,0.1111111111111111,273,2,1,7,0.025454545454545455,7,3,5.62040086571715,0
7,2,0,0.0,226,47,0,0,0.0,0,0,5.6131281063880705,0
4,7,1,0.1,25,226,0,0,0.0,0,8,5.529429087511423,0
2,2,0,0.0,19,6,0,0,0.0,0,0,3.258096538021482,0
23,6,2,0.07407407407407407,362,452,7,44,0.05405405405405406,7,34,6.703188113240863,0
55,3,1,0.017543859649122806,1690,386,1,3,0.001445086705202312,3,33,7.638679823876112,0
31,3,1,0.030303030303030304,760,306,1,6,0.005628517823639775,6,33,6.9726062513017535,0
3,26,0,0.0,68,279,0,0,0.0,0,0,5.8522024797744745,0
4,30,1,0.030303030303030304,571,446,0,0,0.0,0,34,6.925595197110468,0
1151,19,0,0.0,144194,274,0,0,0.0,0,0,11.880820230647183,0
1151,3,0,0.0,147325,68,0,0,0.0,0,0,11.900864552345785,0
1149,4,0,0.0,147448,571,0,0,0.0,0,0,11.905102678751458,0
1149,1,0,0.0,143595,2,0,0,0.0,0,0,11.87477300792267,0
9,3,2,0.2,1051,272,0,0,0.0,0,14,7.188412736496954,0
5,3,1,0.14285714285714285,244,299,1,7,0.01289134438305709,7,9,6.298949246855942,0
4,67,0,0.0,63,2022,0,0,0.0,0,0,7.643003635560718,0
1149,4,0,0.0,146540,348,0,0,0.0,0,0,11.897432478486916,0
1149,4,0,0.0,147226,157,0,0,0.0,0,0,11.900796704677346,0
1149,4,0,0.0,143350,88,0,0,0.0,0,0,11.873665136698662,0
3,4,0,0.0,127,88,0,0,0.0,0,0,5.375278407684165,0
1131,3,0,0.0,144881,107,0,0,0.0,0,0,11.884413156456073,0
1131,1,0,0.0,145483,87,0,0,0.0,0,0,11.888419219082408,0
1131,5,0,0.0,141636,187,0,0,0.0,0,0,11.862342131226846,0
1131,9,0,0.0,143535,278,0,0,0.0,0,0,11.876276076971045,0
4,2,2,0.5,172,13,1,7,0.03783783783783784,7,17,5.225746673713202,0
3,5,2,0.3333333333333333,108,103,2,14,0.06635071090047394,9,19,5.356586274672012,0
3,2,2,0.6666666666666666,86,28,0,0,0.0,0,15,4.74493212836325,0
3,2,2,0.6666666666666666,80,28,0,0,0.0,0,15,4.6913478822291435,0
0,1,0,0.0,0,10,0,0,0.0,0,0,2.3978952727983707,0
1131,1,0,0.0,143515,50,0,0,0.0,0,0,11.874550138759874,0
6,3,1,0.125,577,106,0,0,0.0,0,2,6.52795791762255,0
1122,2,0,0.0,143452,14,0,0,0.0,0,0,11.873860322578977,0
1122,2,0,0.0,140245,173,0,0,0.0,0,0,11.852386089053217,0
1122,2,0,0.0,142183,11,0,0,0.0,0,0,11.864954633989067,0
1024,24,0,0.0,132260,587,0,0,0.0,0,0,11.796960896501812,0
1022,5,0,0.0,132266,596,0,0,0.0,0,0,11.79707380112387,0
1022,1,0,0.0,127877,2,0,0,0.0,0,0,11.758847603173777,0
1022,4,0,0.0,129816,132,0,0,0.0,0,0,11.774897344772617,0
9,25,7,0.25925925925925924,137,254,2,18,0.04603580562659847,11,46,5.971261839790462,0
3,29,1,0.03225806451612903,86,441,1,13,0.024667931688804556,13,32,6.269096283706261,0
1,4,0,0.0,8,132,0,0,0.0,0,0,4.948759890378168,0
6,3,0,0.0,31,106,0,0,0.0,0,0,4.927253685157205,0
1008,6,0,0.0,129560,31,0,0,0.0,0,0,11.772146332599974,0
1,7,0,0.0,19,272,0,0,0.0,0,0,5.676753802268282,0
1019,6,0,0.0,134896,20,0,0,0.0,0,0,11.812415053529621,0
1018,21,0,0.0,131072,405,0,0,0.0,0,0,11.786594816223458,0
1018,5,0,0.0,132658,28,0,0,0.0,0,0,11.795748250186039,0
1,1,0,0.0,7,3,0,0,0.0,0,0,2.3978952727983707,0
2,1,0,0.0,14,8,0,0,0.0,0,0,3.1354942159291497,0
3,1,0,0.0,7,1,0,0,0.0,0,0,2.1972245773362196,0
3,12,0,0.0,7,74,0,0,0.0,0,0,4.406719247264253,0
0,93,0,0.0,0,4572,0,0,0.0,0,0,8.427924723658055,0
93,1,1,0.010752688172043012,4569,3,1,3,0.0006561679790026247,3,2,8.427924723658055,1
0,1,0,0.0,0,129,0,0,0.0,0,0,4.867534450455582,0
0,635,0,0.0,0,50847,0,0,0.0,0,0,10.836596069336442,0
0,38,0,0.0,0,1579,0,0,0.0,0,0,7.365180126021013,0
38,7,3,0.07142857142857142,1576,166,10,52,0.029850746268656716,7,24,7.463363045520021,1
0,4,0,0.0,0,124,0,0,0.0,0,0,4.8283137373023015,0
0,7,0,0.0,0,86,0,0,0.0,0,0,4.465908118654584,0
7,1,0,0.0,86,22,0,0,0.0,0,0,4.6913478822291435,0
6,3,1,0.125,85,174,2,11,0.04247104247104247,6,12,5.560681631015528,0
5,1,0,0.0,43,4,0,0,0.0,0,0,3.871201010907891,0
4,6,2,0.25,37,105,1,7,0.04929577464788732,7,17,4.962844630259907,0
0,26,0,0.0,0,508,0,0,0.0,0,0,6.2324480165505225,0
26,6,4,0.14285714285714285,532,83,2,8,0.013008130081300813,7,23,6.423246963533519,1
22,5,0,0.0,494,239,0,0,0.0,0,0,6.598509028614515,0
21,12,5,0.17857142857142858,460,81,0,0,0.0,0,11,6.295266001439646,0
5,1,0,0.0,53,6,0,0,0.0,0,0,4.0943445622221,0
673,1,0,0.0,53052,6,0,0,0.0,0,0,10.879159780925365,0
1,31,1,0.03225806451612903,2,1090,0,0,0.0,0,2,6.996681488176539,0
5,31,2,0.058823529411764705,23,1086,0,0,0.0,0,6,7.01211529430638,0
674,1,0,0.0,53119,5,0,0,0.0,0,0,10.880402906226719,0
674,23,1,0.0014367816091954023,53119,931,1,1,1.8501387604070305e-05,1,2,10.89768332428381,0
1,2,0,0.0,4,42,0,0,0.0,0,0,3.8501476017100584,0
4,2,0,0.0,19,42,0,0,0.0,0,0,4.127134385045092,0
3,1,1,0.3333333333333333,8,2,1,1,0.1,1,2,2.3978952727983707,0
0,6,0,0.0,0,104,0,0,0.0,0,0,4.653960350157523,0
974,1,0,0.0,122638,39,0,0,0.0,0,0,11.717318315519492,0
89,1,1,0.011235955056179775,5130,80,19,114,0.021880998080614205,10,53,8.558527054909215,1
1,2,0,0.0,30,68,0,0,0.0,0,0,4.59511985013459,0
1,1,0,0.0,24,2,0,0,0.0,0,0,3.295836866004329,0
1,21,0,0.0,9,1696,0,0,0.0,0,0,7.441906728051625,0
1,3,0,0.0,2,97,0,0,0.0,0,0,4.605170185988092,0
2,1,0,0.0,7,16,0,0,0.0,0,0,3.1780538303479458,0
1,3,1,0.3333333333333333,12,451,3,19,0.04103671706263499,8,12,6.139884552226255,0
2,6,0,0.0,7,1322,0,0,0.0,0,0,7.1929342212158,0
1,2,0,0.0,0,39,0,0,0.0,0,0,3.6888794541139363,0
1,26,0,0.0,2,1024,0,0,0.0,0,0,6.934397209928558,1
1,46,1,0.021739130434782608,1,524,0,0,0.0,0,3,6.26530121273771,0
1,3,0,0.0,16,6,0,0,0.0,0,0,3.1354942159291497,0
1,84,0,0.0,2,3230,0,0,0.0,0,0,8.081165777725433,0
2,34,0,0.0,4,346,0,0,0.0,0,0,5.860786223465865,0
8,3,1,0.1,463,33,0,0,0.0,0,5,6.208590026096629,0
0,9,0,0.0,0,886,0,0,0.0,0,0,6.787844982309579,0
17,13,0,0.0,594,1268,0,0,0.0,0,0,7.529943370601589,0
1,2,0,0.0,2,18,0,0,0.0,0,0,3.044522437723423,0
12,1,1,0.08333333333333333,260,73,0,0,0.0,0,11,5.811140992976701,0
38,1,1,0.02631578947368421,1133,18,0,0,0.0,0,10,7.049254841255837,0
37,2,0,0.0,1282,77,0,0,0.0,0,0,7.215239978730097,0
75,9,6,0.07692307692307693,12738,152,2,14,0.0010861132660977503,7,26,9.464284672443105,0
0,1,0,0.0,0,2,0,0,0.0,0,0,1.0986122886681098,0
0,9,0,0.0,0,83,0,0,0.0,0,0,4.430816798843313,0
9,161,4,0.024096385542168676,82,17890,1,5,0.0002782105497440463,5,37,9.796625910752034,1
1,2,0,0.0,74,15,0,0,0.0,0,0,4.499809670330265,0
10,1,0,0.0,770,74,0,0,0.0,0,0,6.739336627357174,0
26,4,0,0.0,11582,358,0,0,0.0,0,0,9.387733135533384,0
24,2,0,0.0,11600,4,0,0,0.0,0,0,9.359191318708538,0
77,6,2,0.024691358024691357,4084,144,0,0,0.0,0,11,8.34972083747249,0
45,12,1,0.017857142857142856,2409,62,0,0,0.0,0,2,7.812782818577581,0
0,1,0,0.0,0,3,0,0,0.0,0,0,1.3862943611198906,0
24,2,0,0.0,424,7,0,0,0.0,0,0,6.068425588244111,0
22,3,0,0.0,189,69,0,0,0.0,0,0,5.556828061699537,0
0,5,0,0.0,0,1027,0,0,0.0,0,0,6.93537044601511,0
1,75,0,0.0,9,659,0,0,0.0,0,0,6.505784060128229,0
0,1,0,0.0,0,9,0,0,0.0,0,0,2.302585092994046,0
0,1,0,0.0,0,2,0,0,0.0,0,0,1.0986122886681098,0
268,1,0,0.0,44220,4,0,0,0.0,0,0,10.697045519027986,0
31,27,14,0.3181818181818182,1247,1386,15,116,0.04405620964679073,23,45,7.876258882303226,1
60,1,0,0.0,870,19,0,0,0.0,0,0,6.7912214627261855,0
8,1,0,0.0,371,112,0,0,0.0,0,0,6.182084906716632,0
0,1,0,0.0,0,1,0,0,0.0,0,0,0.6931471805599453,0
0,8,0,0.0,0,112,0,0,0.0,0,0,4.727387818712341,0
55,1,1,0.01818181818181818,1191,2,0,0,0.0,0,4,7.085064293952548,0
13,5,1,0.058823529411764705,507,86,0,0,0.0,0,8,6.386879319362645,0
12,1,0,0.0,392,115,0,0,0.0,0,0,6.230481447578482,0
25,8,2,0.06451612903225806,99,380,0,0,0.0,0,7,6.173786103901937,0
0,1,0,0.0,0,2,0,0,0.0,0,0,1.0986122886681098,0
21,1,1,0.047619047619047616,75,12,0,0,0.0,0,3,4.477336814478207,0
21,17,1,0.02702702702702703,487,55,0,0,0.0,0,2,6.297109319933935,0
2,2,0,0.0,8,12,0,0,0.0,0,0,3.044522437723423,0
1,1,0,0.0,4,4,0,0,0.0,0,0,2.1972245773362196,0
0,1,0,0.0,0,4,0,0,0.0,0,0,1.6094379124341003,0
13,17,0,0.0,64,467,0,0,0.0,0,0,6.2766434893416445,0
0,13,0,0.0,0,64,0,0,0.0,0,0,4.174387269895637,0
229,2,0,0.0,38648,4,0,0,0.0,0,0,10.562379670666965,0
0,1,0,0.0,0,4,0,0,0.0,0,0,1.6094379124341003,0
0,155,0,0.0,0,820,0,0,0.0,0,0,6.710523109452428,0
0,167,0,0.0,0,3863,0,0,0.0,0,0,8.259458195332408,0
0,205,0,0.0,0,32945,0,0,0.0,0,0,10.402625136506927,0
7,1,0,0.0,1072,36,0,0,0.0,0,0,7.011213987350367,0
21,7,0,0.0,453,1072,0,0,0.0,0,0,7.330405211844402,0
17,4,0,0.0,90,363,0,0,0.0,0,0,6.118097198041348,0
136,17,12,0.0851063829787234,10972,90,1,7,0.0006327969625745796,7,73,9.311361486034912,0
7,144,3,0.02027027027027027,1071,13836,3,17,0.0011404038371234991,7,28,9.60965326059915,1
4,7,1,0.1,400,493,7,47,0.05263157894736842,11,32,6.795705775173514,1
125,5,4,0.031746031746031744,9427,479,2,10,0.0010094891984655764,6,30,9.20099685697303,0
95,1,1,0.010526315789473684,5435,2,0,0,0.0,0,6,8.601166625192416,0
115,1,1,0.008695652173913044,6604,12,0,0,0.0,0,9,8.797397374012059,0
4,135,3,0.022058823529411766,407,10595,8,51,0.004635520814397383,14,45,9.305923241869912,1
2,9,0,0.0,69,849,0,0,0.0,0,0,6.823286122355687,0
9,137,9,0.06569343065693431,833,9763,8,64,0.00604001510003775,22,79,9.268326221174837,1
0,2,0,0.0,0,69,0,0,0.0,0,0,4.248495242049359,0
2,200,2,0.01,68,24259,3,26,0.001068771324043244,10,32,10.099383229357201,1
213,1,1,0.004694835680751174,25704,2,0,0,0.0,0,20,10.154518607337229,0
218,17,17,0.0779816513761468,28762,118,24,121,0.004189750692520776,7,282,10.270939218446076,0
31,2,1,0.03125,417,96,1,4,0.007797270955165692,4,5,6.2422232654551655,0
0,30,0,0.0,0,408,0,0,0.0,0,0,6.013715156042802,0
1,5,0,0.0,1,78,0,0,0.0,0,0,4.382026634673881,0
0,1,0,0.0,0,1,0,0,0.0,0,0,0.6931471805599453,0
0,7,0,0.0,0,155,0,0,0.0,0,0,5.049856007249537,0
18,25,5,0.13157894736842105,718,3015,11,57,0.015269220466113046,8,54,8.225235324101668,0
12,12,0,0.0,71,579,0,0,0.0,0,0,6.478509642208569,0
0,1,0,0.0,0,35,0,0,0.0,0,0,3.58351893845611,0
112,2,2,0.017857142857142856,5528,41,0,0,0.0,0,5,8.62515033292133,0
22,112,11,0.08943089430894309,2633,5533,28,209,0.02559392603477835,20,114,9.007856923358275,1
1,11,0,0.0,2,86,0,0,0.0,0,0,4.48863636973214,0
6,11,0,0.0,674,86,0,0,0.0,0,0,6.634633357861686,0
6,63,1,0.014705882352941176,674,1231,1,1,0.0005249343832020997,1,8,7.552762084214147,0
7,56,0,0.0,105,1126,0,0,0.0,0,0,7.116394144093465,0
45,46,4,0.04597701149425287,561,3319,1,7,0.0018041237113402063,7,32,8.263848131368906,1
16,32,2,0.043478260869565216,441,2878,0,0,0.0,0,8,8.107720061910534,0
13,5,3,0.2,394,468,9,144,0.16705336426914152,41,36,6.760414691083428,1
0,13,0,0.0,0,394,0,0,0.0,0,0,5.978885764901122,0
32,28,10,0.2,2877,882,7,64,0.017025804735301943,23,66,8.23217423638394,1
0,183,0,0.0,0,20296,0,0,0.0,0,0,9.918228370857626,0
114,1,1,0.008771929824561403,9731,2,1,3,0.0003082297338949964,3,26,9.1833801903934,0
100,1,1,0.01,8650,2,1,7,0.0008090614886731392,7,25,9.06566136060674,0
0,2,0,0.0,0,90,0,0,0.0,0,0,4.51085950651685,0
2,99,1,0.01,90,8560,1,15,0.0017341040462427746,15,4,9.065430200180375,1
0,9,0,0.0,0,94,0,0,0.0,0,0,4.553876891600541,0
9,11,2,0.1111111111111111,94,615,1,9,0.012693935119887164,9,12,6.565264970035361,1
10,1,0,0.0,560,39,0,0,0.0,0,0,6.396929655216146,0
2,1,0,0.0,5,4,0,0,0.0,0,0,2.302585092994046,0
28,3,2,0.06896551724137931,2748,52,1,7,0.0025,7,14,7.937731775260109,0
93,2,0,0.0,7963,22,0,0,0.0,0,0,8.985445287623167,0
28,169,16,0.08839779005524862,2634,16697,40,198,0.010242615488076147,18,183,9.869517032964975,1
16,15,0,0.0,2789,3298,0,0,0.0,0,0,8.714074899541522,0
16,1,1,0.0625,2779,10,0,0,0.0,0,2,7.933796874815411,0
15,127,8,0.05970149253731343,3327,8563,17,165,0.013877207737594618,30,79,9.38353709043758,1
8,4,0,0.0,1125,20,0,0,0.0,0,0,7.044032897274685,0
30,7,3,0.08823529411764706,1107,1109,0,0,0.0,0,15,7.7039102096163115,0
9,1,0,0.0,267,16,0,0,0.0,0,0,5.648974238161206,0
38,1,0,0.0,2700,169,0,0,0.0,0,0,7.962067308753666,0
0,2,0,0.0,0,9,0,0,0.0,0,0,2.302585092994046,0
35,1,0,0.0,2689,2,0,0,0.0,0,0,7.898039690764619,0
35,2,2,0.05714285714285714,2659,30,3,20,0.007437709185570844,7,19,7.897296472595885,0
122,1,1,0.00819672131147541,8782,10,1,1,0.00011373976342129209,1,9,9.081711229379001,0
82,5,2,0.023529411764705882,6449,243,0,0,0.0,0,16,8.808817483100642,0
3,6,0,0.0,10,508,0,0,0.0,0,0,6.251903883165888,0
77,1,1,0.012987012987012988,5938,2,0,0,0.0,0,6,8.689632748355741,0
65,3,1,0.014925373134328358,4029,253,0,0,0.0,0,7,8.36240897761537,0
3,1,0,0.0,57,4,0,0,0.0,0,0,4.127134385045092,0
57,1,1,0.017543859649122806,3944,2,0,0,0.0,0,5,8.280711075662847,0
4,5,0,0.0,36,13,0,0,0.0,0,0,3.912023005428146,0
87,2,1,0.011363636363636364,5384,5,0,0,0.0,0,5,8.592300663903043,0
88,1,1,0.011363636363636364,5371,20,0,0,0.0,0,11,8.592671652592143,0
88,1,1,0.011363636363636364,5365,6,0,0,0.0,0,9,8.588955557643128,0
1,1,0,0.0,14,5,0,0,0.0,0,0,2.995732273553991,0
5,54,4,0.07272727272727272,17,3895,4,32,0.0081799591002045,14,8,8.272059622210412,1
1,102,1,0.00980392156862745,5,5993,0,0,0.0,0,9,8.699348067653093,1
102,2,2,0.0196078431372549,6033,95,1,11,0.0017950391644908617,11,24,8.720786883485731,0
0,9,0,0.0,0,102,0,0,0.0,0,0,4.634728988229636,0
9,131,7,0.05263157894736842,102,12415,1,5,0.00039945673883518413,5,63,9.434922887484646,1
0,2,0,0.0,0,35,0,0,0.0,0,0,3.58351893845611,0
2,72,2,0.027777777777777776,36,4394,0,0,0.0,0,10,8.39638057119949,1
4,4,0,0.0,41,63,0,0,0.0,0,0,4.653960350157523,0
44,5,2,0.0425531914893617,850,120,2,6,0.006185567010309278,4,10,6.878326468291325,0
37,6,5,0.13157894736842105,804,24,0,0,0.0,0,17,6.720220155135295,0
34,2,1,0.02857142857142857,761,22,0,0,0.0,0,5,6.664409020350408,0
19,1,1,0.05263157894736842,284,5,0,0,0.0,0,4,5.66988092298052,0
29,16,3,0.07142857142857142,570,229,0,0,0.0,0,9,6.684611727667927,0
2,1,0,0.0,14,9,0,0,0.0,0,0,3.1780538303479458,0
11,23,1,0.030303030303030304,135,541,0,0,0.0,0,6,6.517671272912275,0
3,1,0,0.0,12,3,0,0,0.0,0,0,2.772588722239781,0
73,1,1,0.0136986301369863,7180,5,0,0,0.0,0,6,8.879889967673464,0
32,1,1,0.03125,543,2,0,0,0.0,0,2,6.302618975744905,0
22,8,0,0.0,330,119,0,0,0.0,0,0,6.1092475827643655,0
3,21,0,0.0,89,329,0,0,0.0,0,0,6.037870919922137,0
0,3,0,0.0,0,89,0,0,0.0,0,0,4.499809670330265,0
3,67,2,0.029411764705882353,86,7612,2,25,0.003247596778383996,18,9,8.94884572927805,1
4,1,0,0.0,90,1,0,0,0.0,0,0,4.5217885770490405,0
0,1,0,0.0,0,32,0,0,0.0,0,0,3.4965075614664802,0
1,208,1,0.004807692307692308,17,26859,4,16,0.0005953266855186784,7,14,10.199026181265689,1
52,1,1,0.019230769230769232,5929,3,0,0,0.0,0,3,8.688285266258644,0
45,1,0,0.0,5698,12,0,0,0.0,0,0,8.650149418664864,0
32,14,1,0.022222222222222223,1953,3745,0,0,0.0,0,2,8.648045999835,0
30,3,0,0.0,1908,51,0,0,0.0,0,0,7.580699752224563,0
34,3,1,0.027777777777777776,2162,27,0,0,0.0,0,2,7.691656822810547,0
14,12,0,0.0,1767,108,0,0,0.0,0,0,7.53689712956617,0
0,14,0,0.0,0,1767,0,0,0.0,0,0,7.477604243197589,0
12,13,3,0.13636363636363635,108,291,1,6,0.015037593984962405,6,8,5.991464547107982,1
14,87,6,0.06315789473684211,1766,5765,6,34,0.004514672686230248,7,54,8.926915889777042,1
2,3,0,0.0,19,21,0,0,0.0,0,0,3.713572066704308,0
0,1,0,0.0,0,6,0,0,0.0,0,0,1.9459101490553132,0
0,103,0,0.0,0,7024,0,0,0.0,0,0,8.857230494201946,0
0,4,0,0.0,0,537,0,0,0.0,0,0,6.2878585601617845,0
1,10,1,0.1,1,953,1,3,0.0031446540880503146,3,2,6.86171134048073,1
10,1,0,0.0,957,14,0,0,0.0,0,0,6.879355804460439,0
9,2,0,0.0,948,25,0,0,0.0,0,0,6.881411303642535,0
8,2,1,0.1111111111111111,874,74,1,9,0.00949367088607595,9,3,6.855408798609928,0
7,1,0,0.0,869,5,0,0,0.0,0,0,6.774223886357614,0
80,1,1,0.0125,4799,7,0,0,0.0,0,21,8.47782846789396,0
0,4,0,0.0,0,828,0,0,0.0,0,0,6.720220155135295,0
1,1,0,0.0,16,18,0,0,0.0,0,0,3.5553480614894135,0
1,1,0,0.0,14,16,0,0,0.0,0,0,3.4339872044851463,0
29,1,0,0.0,575,35,0,0,0.0,0,0,6.415096959171596,0
7,23,1,0.034482758620689655,65,510,1,5,0.008695652173913044,5,20,6.3561076606958915,0
1,5,0,0.0,43,20,0,0,0.0,0,0,4.1588830833596715,0
80,1,0,0.0,4915,43,0,0,0.0,0,0,8.508959386489133,0
47,7,3,0.058823529411764705,2811,51,1,3,0.0010482180293501049,3,20,7.959625305098115,0
0,5,0,0.0,0,131,0,0,0.0,0,0,4.882801922586371,0
17,21,0,0.0,715,1979,0,0,0.0,0,0,7.899153483343097,0
21,45,4,0.06451612903225806,1979,2159,12,73,0.01764137264378927,13,44,8.328209491748732,1
25,17,4,0.10526315789473684,1261,677,2,21,0.010835913312693499,11,29,7.569927655242652,0
43,1,0,0.0,2092,2,0,0,0.0,0,0,7.647308832356238,0
38,3,1,0.025,2058,20,0,0,0.0,0,3,7.639642287858013,0
6,1,0,0.0,166,175,0,0,0.0,0,0,5.834810737062605,0
3,1,0,0.0,14,48,0,0,0.0,0,0,4.143134726391533,0
0,1,0,0.0,0,2,0,0,0.0,0,0,1.0986122886681098,0
32,5,2,0.05714285714285714,1120,265,7,47,0.03393501805054152,9,18,7.234177179749849,1
31,1,0,0.0,994,19,0,0,0.0,0,0,6.921658184151129,0
0,1,0,0.0,0,5,0,0,0.0,0,0,1.791759469228055,0
1,163,1,0.006134969325153374,3,15151,2,11,0.0007258809555232942,6,9,9.626085789491903,1
26,1,0,0.0,883,3,0,0,0.0,0,0,6.787844982309579,0
1,158,0,0.0,3,14478,0,0,0.0,0,0,9.580661777948766,0
158,1,1,0.006329113924050633,14459,2,1,1,6.915151096051449e-05,1,7,9.579279798734897,0
1,1,0,0.0,12,5,0,0,0.0,0,0,2.8903717578961645,0
165,1,0,0.0,18366,5,0,0,0.0,0,0,9.818583045445685,0
0,1,0,0.0,0,2,0,0,0.0,0,0,1.0986122886681098,0
3,1,0,0.0,79,6,0,0,0.0,0,0,4.454347296253507,0
1,2,0,0.0,2,77,0,0,0.0,0,0,4.382026634673881,0
0,1,0,0.0,0,2,0,0,0.0,0,0,1.0986122886681098,0
0,1,0,0.0,0,8,0,0,0.0,0,0,2.1972245773362196,0
12,1,0,0.0,118,5,0,0,0.0,0,0,4.820281565605037,0
1,1,0,0.0,10,4,0,0,0.0,0,0,2.70805020110221,0
1,2,0,0.0,17,9,0,0,0.0,0,0,3.295836866004329,0
2,14,0,0.0,8,380,0,0,0.0,0,0,5.963579343618446,0
0,152,0,0.0,0,13669,0,0,0.0,0,0,9.522958929717996,0
152,1,0,0.0,13669,6,0,0,0.0,0,0,9.523397750759193,0
152,10,6,0.038461538461538464,13669,216,6,39,0.0028087864602088586,10,33,9.538636417313219,1
1,1,0,0.0,1,6,0,0,0.0,0,0,2.0794415416798357,0
67,60,16,0.14414414414414414,12132,6643,74,771,0.04106524633821571,93,211,9.84033473753086,1
0,2,0,0.0,0,18,0,0,0.0,0,0,2.9444389791664403,0
0,8,0,0.0,0,461,0,0,0.0,0,0,6.135564891081739,0
8,7,0,0.0,463,168,0,0,0.0,0,0,6.448889394146858,0
10,2,1,0.09090909090909091,484,18,0,0,0.0,0,2,6.220590170099739,0
9,1,0,0.0,215,1,0,0,0.0,0,0,5.37989735354046,0
1,22,0,0.0,1,3934,0,0,0.0,0,0,8.277920258172143,0
0,7,0,0.0,0,1928,0,0,0.0,0,0,7.564757012905729,0
0,20,0,0.0,0,1473,0,0,0.0,0,0,7.295735072749282,0
20,5,2,0.08695652173913043,1473,237,0,0,0.0,0,11,7.444833273892193,0
6,18,2,0.09090909090909091,1765,1474,0,0,0.0,0,7,8.083328608786376,0
0,5,0,0.0,0,237,0,0,0.0,0,0,5.472270673671475,0
4,88,2,0.022222222222222223,196,8424,0,0,0.0,0,25,9.061956366209925,0
6,88,3,0.03296703296703297,1763,8423,2,14,0.0013744354997054782,7,27,9.228867676590067,1
1,2,0,0.0,1,41,0,0,0.0,0,0,3.7612001156935624,0
0,88,0,0.0,0,8366,0,0,0.0,0,0,9.032050676295599,0
4,1,0,0.0,18,3,0,0,0.0,0,0,3.091042453358316,0
2,1,0,0.0,10,3,0,0,0.0,0,0,2.6390573296152584,0
0,1,0,0.0,0,2,0,0,0.0,0,0,1.0986122886681098,0
61,1,1,0.01639344262295082,4936,8,0,0,0.0,0,6,8.506132244056813,0
0,1,0,0.0,0,3,0,0,0.0,0,0,1.3862943611198906,0
0,11,0,0.0,0,592,0,0,0.0,0,0,6.385194398997726,0
11,55,11,0.2,596,3990,3,14,0.0030527692978630614,6,100,8.430981494597171,1
58,56,56,0.9655172413793104,7635,6036,90,5692,0.41635578962767905,1056,254,9.523105224795426,1
2,6,0,0.0,8,1056,0,0,0.0,0,0,6.970730078143525,0
46,2,0,0.0,2881,56,0,0,0.0,0,0,7.9854843567338225,0
5,41,0,0.0,30,2851,0,0,0.0,0,0,7.966239776559467,0
16,5,5,0.3125,1778,1728,6,1732,0.4940102681118083,832,13,8.162516250140179,0
0,1,0,0.0,0,4,0,0,0.0,0,0,1.6094379124341003,0
18,1,1,0.05555555555555555,334,8,0,0,0.0,0,5,5.8377304471659395,0
0,2,0,0.0,0,29,0,0,0.0,0,0,3.4011973816621555,0
11,1,0,0.0,279,2,0,0,0.0,0,0,5.641907070938114,0
2,10,1,0.09090909090909091,10,269,0,0,0.0,0,9,5.634789603169249,0
44,1,0,0.0,3524,47,0,0,0.0,0,0,8.18088094199639,0
43,1,0,0.0,3519,5,0,0,0.0,0,0,8.16763571524637,0
43,1,1,0.023255813953488372,3517,2,1,4,0.0011366865586814436,4,14,8.166216268592143,0
34,15,7,0.16666666666666666,2753,736,7,52,0.014903983949555747,15,41,8.157657015196472,0
14,17,0,0.0,1925,811,0,0,0.0,0,0,7.914617709040679,0
0,12,0,0.0,0,1913,0,0,0.0,0,0,7.5569505720129,0
6,47,6,0.1276595744680851,582,4179,14,558,0.11720226843100189,324,29,8.468423027046809,1
14,42,5,0.09803921568627451,799,3167,3,22,0.005547150781643974,10,40,8.28576542051433,1
0,1,0,0.0,0,2,0,0,0.0,0,0,1.0986122886681098,0
1,98,1,0.01020408163265306,3,8616,1,2,0.00023204548091425919,2,12,9.061840363657739,1
43,1,1,0.023255813953488372,3173,15,0,0,0.0,0,3,8.067462667010057,0
98,1,1,0.01020408163265306,8600,1,1,3,0.0003487966515521451,3,11,9.059750013343681,0
15,43,9,0.1836734693877551,743,3172,7,38,0.009706257982120051,9,42,8.272826003650401,1
1,1,0,0.0,2,28,0,0,0.0,0,0,3.4339872044851463,0
6,50,3,0.05660377358490566,1763,3417,1,5,0.0009652509652509653,5,15,8.552753366814787,0
0,5,0,0.0,0,1081,0,0,0.0,0,0,6.9865664594064265,0
41,1,1,0.024390243902439025,3113,6,0,0,0.0,0,5,8.045588280803528,0
2,1,0,0.0,6,2,0,0,0.0,0,0,2.1972245773362196,0
1,1,0,0.0,4,2,0,0,0.0,0,0,1.9459101490553132,0
33,11,3,0.07317073170731707,2532,579,0,0,0.0,0,10,8.043020885298283,0
3,25,1,0.037037037037037035,19,2483,0,0,0.0,0,2,7.8252452914317745,0
2,1,0,0.0,15,4,0,0,0.0,0,0,2.995732273553991,0
2,1,1,0.5,10,5,0,0,0.0,0,3,2.772588722239781,0
1,1,0,0.0,2,8,0,0,0.0,0,0,2.3978952727983707,0
2,2,0,0.0,12,8,0,0,0.0,0,0,3.044522437723423,0
0,2,0,0.0,0,12,0,0,0.0,0,0,2.5649493574615367,0
3,28,2,0.06896551724137931,555,289,1,6,0.0071090047393364926,6,7,6.739336627357174,1
0,5,0,0.0,0,15,0,0,0.0,0,0,2.772588722239781,0
11,13,3,0.14285714285714285,79,113,0,0,0.0,0,8,5.262690188904886,0
7,2,0,0.0,61,10,0,0,0.0,0,0,4.276666119016055,0
0,1,0,0.0,0,38,0,0,0.0,0,0,3.6635616461296463,0
1,34,1,0.029411764705882353,42,1668,2,14,0.008187134502923977,7,9,7.444833273892193,1
6,2,0,0.0,25,6,0,0,0.0,0,0,3.4657359027997265,0
79,1,0,0.0,5413,3,0,0,0.0,0,0,8.597297435657898,0
2,1,0,0.0,12,2,0,0,0.0,0,0,2.70805020110221,0
17,2,2,0.11764705882352941,83,12,2,4,0.042105263157894736,2,5,4.564348191467836,0
2,2,0,0.0,4,4,0,0,0.0,0,0,2.1972245773362196,0
23,1,0,0.0,1600,18,0,0,0.0,0,0,7.389563953677635,0
1,24,0,0.0,682,1608,0,0,0.0,0,0,7.736743682453495,0
7,19,1,0.04,41,1523,0,0,0.0,0,2,7.355641102974253,0
2,2,1,0.3333333333333333,10,4,0,0,0.0,0,2,2.70805020110221,0
7,62,2,0.029850746268656716,818,3487,1,7,0.0016260162601626016,7,11,8.367764677924308,1
62,1,1,0.016129032258064516,3485,2,0,0,0.0,0,10,8.15708378502887,0
58,4,0,0.0,3477,8,0,0,0.0,0,0,8.156510226079966,0
57,1,0,0.0,3475,2,0,0,0.0,0,0,8.154212694914229,0
57,1,1,0.017543859649122806,3473,2,0,0,0.0,0,5,8.153637486385282,0
57,1,1,0.017543859649122806,3471,2,0,0,0.0,0,9,8.153061946801051,0
6,1,0,0.0,83,2,0,0,0.0,0,0,4.454347296253507,0
0,6,0,0.0,0,83,0,0,0.0,0,0,4.430816798843313,0
0,50,0,0.0,0,3180,0,0,0.0,0,0,8.064950891749143,0
50,16,9,0.15789473684210525,3182,450,7,66,0.01817180616740088,35,64,8.197814032221203,1
4,1,0,0.0,103,147,0,0,0.0,0,0,5.5254529391317835,0
30,1,0,0.0,808,147,0,0,0.0,0,0,6.862757913051401,0
6,1,0,0.0,91,40,0,0,0.0,0,0,4.882801922586371,0
0,1,0,0.0,0,4,0,0,0.0,0,0,1.6094379124341003,0
1,52,0,0.0,4,1411,0,0,0.0,0,0,7.255591274253665,0
1,194,0,0.0,4,7241,0,0,0.0,0,0,8.888204871455022,0
0,1,0,0.0,0,2,0,0,0.0,0,0,1.0986122886681098,0
1,2,0,0.0,2,3,0,0,0.0,0,0,1.791759469228055,0
1,5,0,0.0,4,224,0,0,0.0,0,0,5.43372200355424,0
93,1,0,0.0,7920,2,0,0,0.0,0,0,8.977525200965243,0
168,1,0,0.0,7431,316,0,0,0.0,0,0,8.955190024526887,0
62,22,2,0.024390243902439025,2661,1098,2,8,0.002128225591912743,6,31,8.23217423638394,0
1,4,0,0.0,2,0,0,0,0.0,0,0,1.0986122886681098,0
0,4,0,0.0,0,119,0,0,0.0,0,0,4.787491742782046,0
68,4,0,0.0,1404,46,0,0,0.0,0,0,7.280008252884188,0
4,2,0,0.0,34,235,0,0,0.0,0,0,5.598421958998375,0
1,25,0,0.0,4,2999,0,0,0.0,0,0,8.007700012884026,0
0,6,0,0.0,0,63,0,0,0.0,0,0,4.1588830833596715,0
6,13,1,0.05555555555555555,63,2556,2,6,0.002290950744558992,4,8,7.8709295967551425,1
0,2,0,0.0,0,14,0,0,0.0,0,0,2.70805020110221,0
1,139,1,0.007194244604316547,21,11845,0,0,0.0,0,9,9.38151671766514,1
202,1,0,0.0,18930,2,0,0,0.0,0,0,9.84866171025235,0
141,1,1,0.0070921985815602835,12353,64,1,7,0.0005637432552146252,7,5,9.426902311924838,0
190,1,0,0.0,18382,2,0,0,0.0,0,0,9.819290393735372,0
82,2,1,0.012048192771084338,7186,200,0,0,0.0,0,18,8.907476977528738,0
0,3,0,0.0,0,376,0,0,0.0,0,0,5.932245187448011,0
0,3,0,0.0,0,276,0,0,0.0,0,0,5.6240175061873385,0
3,107,2,0.018518518518518517,277,7333,2,18,0.0023653088042049934,12,26,8.937349848267392,1
87,1,0,0.0,6769,23,0,0,0.0,0,0,8.823647949191303,0
1,3,0,0.0,21,425,0,0,0.0,0,0,6.102558594613569,0
83,1,0,0.0,6295,21,0,0,0.0,0,0,8.7509996908987,0
3,103,2,0.019230769230769232,425,6963,2,16,0.002165674066053059,10,25,8.907747686788648,1
2,0,0,0.0,41,0,0,0,0.0,0,0,3.7376696182833684,0
75,1,0,0.0,6061,2,0,0,0.0,0,0,8.710124927322207,0
75,1,1,0.013333333333333334,6022,39,2,42,0.006929549579277347,33,36,8.709795057617749,0
1,75,1,0.013333333333333334,2,6022,1,3,0.00049800796812749,3,6,8.703672758358856,1
71,1,0,0.0,6004,5,0,0,0.0,0,0,8.701180027529253,0
74,1,1,0.013513513513513514,6011,6,1,6,0.0009971746717633372,6,3,8.70251025718999,0
74,1,1,0.013513513513513514,5980,31,3,18,0.002994510064881051,11,7,8.701512750872865,0
70,2,1,0.014084507042253521,5953,14,0,0,0.0,0,5,8.694167141883597,0
71,2,0,0.0,5950,16,0,0,0.0,0,0,8.693999567522082,0
4,66,2,0.029411764705882353,68,5869,1,1,0.0001684352366515075,1,26,8.689127655323706,0
5,3,0,0.0,31,66,0,0,0.0,0,0,4.584967478670572,0
0,1,0,0.0,0,2,0,0,0.0,0,0,1.0986122886681098,0
1,4,1,0.25,12,17,0,0,0.0,0,3,3.4011973816621555,0
0,1,0,0.0,0,12,0,0,0.0,0,0,2.5649493574615367,0
2,17,1,0.05555555555555555,150,987,1,4,0.003518029903254178,4,3,7.037027614686276,0
8,1,0,0.0,457,29,0,0,0.0,0,0,6.18826412308259,0
4,1,0,0.0,107,316,0,0,0.0,0,0,6.049733455231958,0
6,2,0,0.0,140,9,0,0,0.0,0,0,5.0106352940962555,0
15,2,1,0.0625,574,98,0,0,0.0,0,2,6.511745329644728,0
1,4,1,0.25,285,42,3,26,0.07951070336391437,12,16,5.793013608384144,1
3,1,0,0.0,35,7,0,0,0.0,0,0,3.7612001156935624,0
1,1,0,0.0,2,29,0,0,0.0,0,0,3.4657359027997265,0
0,1,0,0.0,0,2,0,0,0.0,0,0,1.0986122886681098,0
14,1,1,0.07142857142857142,524,10,0,0,0.0,0,3,6.282266746896006,0
2,1,0,0.0,5,13,0,0,0.0,0,0,2.9444389791664403,0
2,2,0,0.0,5,17,0,0,0.0,0,0,3.1354942159291497,0
6,1,1,0.16666666666666666,288,14,0,0,0.0,0,5,5.713732805509369,0
7,1,0,0.0,454,3,0,0,0.0,0,0,6.126869184114185,0
11,1,1,0.09090909090909091,450,4,0,0,0.0,0,8,6.12029741895095,0
6,1,0,0.0,262,187,0,0,0.0,0,0,6.1092475827643655,0
2,1,0,0.0,83,11,0,0,0.0,0,0,4.553876891600541,0
3,2,0,0.0,169,83,0,0,0.0,0,0,5.53338948872752,0
7,1,1,0.14285714285714285,169,35,0,0,0.0,0,10,5.3230099791384085,0
30,1,1,0.03333333333333333,769,125,1,11,0.012304250559284116,11,9,6.796823718274855,0
31,1,0,0.0,880,4,0,0,0.0,0,0,6.785587645007929,0
1,28,1,0.03571428571428571,35,737,1,6,0.007772020725388601,6,7,6.650279048587422,1
0,32,0,0.0,0,990,0,0,0.0,0,0,6.898714534329988,0
15,1,0,0.0,650,7,0,0,0.0,0,0,6.489204931325317,0
14,1,0,0.0,603,47,0,0,0.0,0,0,6.478509642208569,0
14,1,1,0.07142857142857142,557,46,0,0,0.0,0,3,6.403574197934815,0
13,1,0,0.0,468,107,0,0,0.0,0,0,6.3561076606958915,0
11,3,1,0.07692307692307693,281,169,0,0,0.0,0,2,6.111467339502679,0
14,1,0,0.0,510,13,0,0,0.0,0,0,6.261491684321042,0
13,1,0,0.0,503,7,0,0,0.0,0,0,6.236369590203704,0
10,2,0,0.0,376,123,0,0,0.0,0,0,6.214608098422191,0
6,1,0,0.0,98,47,0,0,0.0,0,0,4.983606621708336,0
0,2,0,0.0,0,13,0,0,0.0,0,0,2.6390573296152584,0
4,1,0,0.0,195,49,0,0,0.0,0,0,5.501258210544727,0
1,2,0,0.0,2,189,0,0,0.0,0,0,5.2574953720277815,0
0,1,0,0.0,0,2,0,0,0.0,0,0,1.0986122886681098,0
0,1,0,0.0,0,2,0,0,0.0,0,0,1.0986122886681098,0
0,8,0,0.0,0,74,0,0,0.0,0,0,4.31748811353631,0
0,1,0,0.0,0,28,0,0,0.0,0,0,3.367295829986474,0
0,1,0,0.0,0,2,0,0,0.0,0,0,1.0986122886681098,0
1,0,0,0.0,2,0,0,0,0.0,0,0,1.0986122886681098,0
0,1,0,0.0,0,2,0,0,0.0,0,0,1.0986122886681098,0
0,7,0,0.0,0,138,0,0,0.0,0,0,4.9344739331306915,0
1,3,0,0.0,2,21,0,0,0.0,0,0,3.1780538303479458,0
5,3,0,0.0,42,21,0,0,0.0,0,0,4.1588830833596715,0
2,2,0,0.0,10,26,0,0,0.0,0,0,3.6109179126442243,0
0,1,0,0.0,0,4,0,0,0.0,0,0,1.6094379124341003,0
1,2,0,0.0,27,61,0,0,0.0,0,0,4.48863636973214,0
0,1,0,0.0,0,27,0,0,0.0,0,0,3.332204510175204,0
897,1,0,0.0,8227,27,0,0,0.0,0,0,9.018574356354229,0
0,1,0,0.0,0,147,0,0,0.0,0,0,4.997212273764115,0
897,1,0,0.0,7375,147,0,0,0.0,0,0,8.925720273560222,0
1,8,0,0.0,74,83,0,0,0.0,0,0,5.062595033026967,0
5,1,1,0.2,328,74,0,0,0.0,0,5,5.998936561946683,0
0,1,0,0.0,0,4,0,0,0.0,0,0,1.6094379124341003,0
895,1,0,0.0,6442,34,0,0,0.0,0,0,8.776012719182917,0
0,1,0,0.0,0,10,0,0,0.0,0,0,2.3978952727983707,0
896,1,0,0.0,6925,10,0,0,0.0,0,0,8.844480518460378,0
0,1,0,0.0,0,2,0,0,0.0,0,0,1.0986122886681098,0
896,1,0,0.0,6923,2,0,0,0.0,0,0,8.843037724962366,0
1,2,0,0.0,9,11,0,0,0.0,0,0,3.044522437723423,0
0,1,0,0.0,0,6,0,0,0.0,0,0,1.9459101490553132,0
1,1,0,0.0,4,2,0,0,0.0,0,0,1.9459101490553132,0
0,2,0,0.0,0,90,0,0,0.0,0,0,4.51085950651685,0
896,2,0,0.0,6748,90,0,0,0.0,0,0,8.830396801098097,0
1,1,0,0.0,2,4,0,0,0.0,0,0,1.9459101490553132,0
11,1,1,0.09090909090909091,455,162,1,162,0.2625607779578606,162,2,6.42648845745769,1
12,1,1,0.08333333333333333,455,0,1,33,0.07252747252747253,33,2,6.1224928095143865,0
0,8,0,0.0,0,273,0,0,0.0,0,0,5.6131281063880705,0
884,14,5,0.005599104143337066,6012,299,12,71,0.011250198066867374,12,25,8.750207862525711,1
6,1,0,0.0,45,73,0,0,0.0,0,0,4.77912349311153,0
0,1,0,0.0,0,99,0,0,0.0,0,0,4.605170185988092,0
1,1,0,0.0,98,2,0,0,0.0,0,0,4.61512051684126,0
0,7,0,0.0,0,42,0,0,0.0,0,0,3.7612001156935624,0
886,7,3,0.0033707865168539327,7595,42,1,3,0.00039282440748985203,3,16,8.940891067785461,0
0,1,0,0.0,0,5,0,0,0.0,0,0,1.791759469228055,0
0,2,0,0.0,0,138,0,0,0.0,0,0,4.9344739331306915,0
884,2,0,0.0,6217,138,0,0,0.0,0,0,8.757154527656606,0
884,1,0,0.0,6989,41,0,0,0.0,0,0,8.858084222199162,0
0,3,0,0.0,0,130,0,0,0.0,0,0,4.875197323201151,0
24,3,1,0.038461538461538464,511,130,0,0,0.0,0,6,6.464588303689961,0
0,17,0,0.0,0,329,0,0,0.0,0,0,5.799092654460526,0
877,17,1,0.0011198208286674132,5533,295,0,0,0.0,0,14,8.67060073804555,0
0,1,0,0.0,0,1,0,0,0.0,0,0,0.6931471805599453,0
6,1,0,0.0,79,73,0,0,0.0,0,0,5.030437921392435,0
1,1,0,0.0,15,35,0,0,0.0,0,0,3.9318256327243257,0
31,1,0,0.0,1847,15,0,0,0.0,0,0,7.529943370601589,0
0,2,0,0.0,0,25,0,0,0.0,0,0,3.258096538021482,0
0,2,0,0.0,0,209,0,0,0.0,0,0,5.3471075307174685,0
899,2,0,0.0,14429,209,0,0,0.0,0,0,9.591444479171411,0
0,2,0,0.0,0,246,0,0,0.0,0,0,5.5093883366279774,0
880,2,0,0.0,5596,246,0,0,0.0,0,0,8.672999642554437,0
0,2,0,0.0,0,184,0,0,0.0,0,0,5.220355825078324,0
939,2,0,0.0,28667,184,0,0,0.0,0,0,10.269934593623564,0
0,1,0,0.0,0,12,0,0,0.0,0,0,2.5649493574615367,0
873,1,0,0.0,4621,12,0,0,0.0,0,0,8.441175704992322,0
0,1,0,0.0,0,14,0,0,0.0,0,0,2.70805020110221,0
873,1,0,0.0,4607,14,0,0,0.0,0,0,8.438582790834326,0
0,1,0,0.0,0,14,0,0,0.0,0,0,2.70805020110221,0
879,17,8,0.009009009009009009,5372,793,13,122,0.019789132197891322,24,36,8.726805608446096,0
2,1,0,0.0,57,118,0,0,0.0,0,0,5.170483995038151,0
0,2,0,0.0,0,57,0,0,0.0,0,0,4.060443010546419,0
878,2,0,0.0,5232,57,0,0,0.0,0,0,8.573573524852344,0
18,1,0,0.0,922,118,0,0,0.0,0,0,6.947937068614969,0
0,1,0,0.0,0,127,0,0,0.0,0,0,4.852030263919617,0
878,1,0,0.0,5070,127,0,0,0.0,0,0,8.556029215201436,0
0,1,0,0.0,0,8,0,0,0.0,0,0,2.1972245773362196,0
880,1,0,0.0,6561,8,0,0,0.0,0,0,8.790269111478656,0
0,1,0,0.0,0,2,0,0,0.0,0,0,1.0986122886681098,0
880,1,0,0.0,6088,2,0,0,0.0,0,0,8.714567550836485,0
0,1,0,0.0,0,2,0,0,0.0,0,0,1.0986122886681098,0
872,1,0,0.0,4361,2,0,0,0.0,0,0,8.381144346952961,0
0,2,0,0.0,0,62,0,0,0.0,0,0,4.143134726391533,0
871,2,0,0.0,4316,62,0,0,0.0,0,0,8.384575666801398,0
0,1,0,0.0,0,154,0,0,0.0,0,0,5.043425116919247,0
877,1,0,0.0,4222,154,0,0,0.0,0,0,8.384118837190895,0
17,1,1,0.058823529411764705,961,147,5,148,0.13357400722021662,85,11,7.011213987350367,0
0,1,0,0.0,0,38,0,0,0.0,0,0,3.6635616461296463,0
875,1,0,0.0,4118,38,0,0,0.0,0,0,8.332548939252638,0
0,1,0,0.0,0,19,0,0,0.0,0,0,2.995732273553991,0
880,1,0,0.0,6813,19,0,0,0.0,0,0,8.829519094780778,0
0,1,0,0.0,0,104,0,0,0.0,0,0,4.653960350157523,0
869,1,0,0.0,3929,104,0,0,0.0,0,0,8.302513718514158,0
2,1,0,0.0,41,34,0,0,0.0,0,0,4.330733340286331,0
0,1,0,0.0,0,34,0,0,0.0,0,0,3.5553480614894135,0
0,2,0,0.0,0,41,0,0,0.0,0,0,3.7376696182833684,0
869,2,1,0.0011494252873563218,3834,41,0,0,0.0,0,4,8.262558973010657,0
0,2,0,0.0,0,127,0,0,0.0,0,0,4.852030263919617,0
940,2,0,0.0,29325,127,0,0,0.0,0,0,10.29055105146374,0
0,1,0,0.0,0,17,0,0,0.0,0,0,2.8903717578961645,0
936,1,0,0.0,26696,17,0,0,0.0,0,0,10.19294305153705,0
0,1,0,0.0,0,11,0,0,0.0,0,0,2.4849066497880004,0
0,2,0,0.0,0,159,0,0,0.0,0,0,5.075173815233827,0
940,2,0,0.0,28711,159,0,0,0.0,0,0,10.270592910089658,0
0,1,0,0.0,0,40,0,0,0.0,0,0,3.713572066704308,0
943,1,0,0.0,30206,40,0,0,0.0,0,0,10.317152284987246,0
0,2,0,0.0,0,72,0,0,0.0,0,0,4.290459441148391,0
877,2,0,0.0,4826,72,0,0,0.0,0,0,8.496786381638575,0
0,4,0,0.0,0,269,0,0,0.0,0,0,5.598421958998375,0
880,4,0,0.0,7939,269,0,0,0.0,0,0,9.012986392348266,0
1,2,0,0.0,2,23,0,0,0.0,0,0,3.258096538021482,0
20,1,0,0.0,2042,1,0,0,0.0,0,0,7.622663951323595,0
29,1,0,0.0,2117,22,0,0,0.0,0,0,7.668561108015897,0
27,1,1,0.037037037037037035,2093,2,0,0,0.0,0,8,7.647786045440933,0
18,4,1,0.047619047619047616,1900,155,0,0,0.0,0,6,7.628517626575055,0
15,1,0,0.0,1849,14,0,0,0.0,0,0,7.530479995245536,0
16,1,0,0.0,1824,62,0,0,0.0,0,0,7.54274354536855,0
14,1,0,0.0,1795,12,0,0,0.0,0,0,7.4999765409521215,0
25,1,0,0.0,1970,20,0,0,0.0,0,0,7.596392304064196,0
12,2,1,0.07692307692307693,1703,72,0,0,0.0,0,3,7.4821189235521155,0
11,2,1,0.08333333333333333,1443,260,0,0,0.0,0,2,7.440733707389261,0
9,1,0,0.0,428,1,0,0,0.0,0,0,6.063785208687608,0
11,1,0,0.0,370,97,0,0,0.0,0,0,6.148468295917647,0
9,2,0,0.0,398,103,0,0,0.0,0,0,6.218600119691729,0
9,1,0,0.0,411,4,0,0,0.0,0,0,6.030685260261263,0
3,1,0,0.0,277,33,0,0,0.0,0,0,5.739792912179234,0
2,0,0,0.0,37,0,0,0,0.0,0,0,3.6375861597263857,0
1,2,0,0.0,14,37,0,0,0.0,0,0,3.9512437185814275,0
462,1,1,0.0021645021645021645,40707,2,0,0,0.0,0,4,10.614229041497024,1
1,0,0,0.0,9,0,0,0,0.0,0,0,2.302585092994046,0
10,10,10,1.0,208,62,21,168,0.6222222222222222,15,47,5.602118820879701,1
193,1,1,0.0051813471502590676,16022,13,1,19,0.0011849080137199875,19,2,9.682591473762397,1
102,2,1,0.009708737864077669,10189,321,0,0,0.0,0,27,9.260177606823355,0
45,1,0,0.0,2145,11,0,0,0.0,0,0,7.676473646389156,0
12,1,0,0.0,339,5,0,0,0.0,0,0,5.84354441703136,0
1,1,1,1.0,3,1,0,0,0.0,0,2,1.6094379124341003,0
1,1,0,0.0,104,2,0,0,0.0,0,0,4.672828834461906,0
0,2,0,0.0,0,144,0,0,0.0,0,0,4.976733742420574,0
40,2,1,0.024390243902439025,1339,137,0,0,0.0,0,9,7.29776828253138,0
2,62,1,0.015873015873015872,136,2849,0,0,0.0,0,12,8.001689978099135,0
0,1,0,0.0,0,3,0,0,0.0,0,0,1.3862943611198906,0
226,4,3,0.013215859030837005,13366,287,0,0,0.0,0,62,9.521787797978225,0
239,1,1,0.0041841004184100415,13900,43,1,16,0.0011475292261349781,16,17,9.542804587199857,0
0,1,0,0.0,0,4,0,0,0.0,0,0,1.6094379124341003,0
77,1,0,0.0,3326,11,0,0,0.0,0,0,8.11312710422178,0
4,1,0,0.0,126,92,0,0,0.0,0,0,5.389071729816501,0
109,2,0,0.0,4451,61,0,0,0.0,0,0,8.414717399827001,0
3,99,2,0.02,282,2811,1,11,0.003556417717426447,11,22,8.037220031133012,1
34,1,0,0.0,371,6,0,0,0.0,0,0,5.934894195619588,0
38,1,0,0.0,359,5,0,0,0.0,0,0,5.8998973535824915,0
4,2,0,0.0,76,5,0,0,0.0,0,0,4.406719247264253,0
11,1,0,0.0,289,38,0,0,0.0,0,0,5.793013608384144,0
2,3,0,0.0,24,57,0,0,0.0,0,0,4.406719247264253,0
3,75,2,0.02631578947368421,49,3407,1,10,0.0028935185185185184,10,22,8.148156439921625,1
2,6,2,0.3333333333333333,26,136,2,31,0.19135802469135801,19,4,5.093750200806762,0
1,1,0,0.0,5,5,0,0,0.0,0,0,2.3978952727983707,0
25,3,0,0.0,855,10,0,0,0.0,0,0,6.763884908562435,0
418,2,1,0.002386634844868735,10428,182,0,0,0.0,0,33,9.269646477873591,0
0,2,0,0.0,0,4,0,0,0.0,0,0,1.6094379124341003,0
0,1,0,0.0,0,2,0,0,0.0,0,0,1.0986122886681098,0
3,1,0,0.0,18,2,0,0,0.0,0,0,3.044522437723423,0
0,2,0,0.0,0,8,0,0,0.0,0,0,2.1972245773362196,0
605,1,1,0.001652892561983471,48105,2,0,0,0.0,0,10,10.781203762430508,0
4,1,0,0.0,82,3,0,0,0.0,0,0,4.454347296253507,0
12,3,0,0.0,239,76,0,0,0.0,0,0,5.755742213586912,0
0,2,0,0.0,0,10,0,0,0.0,0,0,2.3978952727983707,0
0,1,0,0.0,0,5,0,0,0.0,0,0,1.791759469228055,0
161,1,1,0.006211180124223602,2199,56,0,0,0.0,0,3,7.721348612617949,0
0,3,0,0.0,0,58,0,0,0.0,0,0,4.07753744390572,0
12,2,0,0.0,202,54,0,0,0.0,0,0,5.54907608489522,0
17,1,0,0.0,220,31,0,0,0.0,0,0,5.529429087511423,0
18,1,0,0.0,549,12,0,0,0.0,0,0,6.331501849893691,0
16,1,0,0.0,537,11,0,0,0.0,0,0,6.3080984415095305,0
31,1,0,0.0,604,11,0,0,0.0,0,0,6.423246963533519,0
2,2,0,0.0,81,29,0,0,0.0,0,0,4.709530201312334,0
38,2,1,0.02564102564102564,1019,81,0,0,0.0,0,7,7.00397413672268,0
0,8,0,0.0,0,18,0,0,0.0,0,0,2.9444389791664403,0
11,3,0,0.0,522,6,0,0,0.0,0,0,6.270988431858299,0
0,3,0,0.0,0,42,0,0,0.0,0,0,3.7612001156935624,0
20,2,1,0.047619047619047616,795,45,0,0,0.0,0,6,6.734591659972948,0
0,2,0,0.0,0,34,0,0,0.0,0,0,3.5553480614894135,0
57,1,0,0.0,1943,40,0,0,0.0,0,0,7.592870287844818,0
0,3,0,0.0,0,56,0,0,0.0,0,0,4.04305126783455,0
0,1,0,0.0,0,109,0,0,0.0,0,0,4.700480365792417,0
1,1,0,0.0,23,87,0,0,0.0,0,0,4.709530201312334,0
5,2,1,0.16666666666666666,360,51,0,0,0.0,0,2,6.021023349349527,0
10,2,0,0.0,190,46,0,0,0.0,0,0,5.4680601411351315,0
0,1,0,0.0,0,1,0,0,0.0,0,0,0.6931471805599453,0
3,1,0,0.0,140,4,0,0,0.0,0,0,4.976733742420574,0
11,1,0,0.0,251,2,0,0,0.0,0,0,5.537334267018537,0
110,3,3,0.02727272727272727,6213,118,0,0,0.0,0,33,8.753371421000903,0
267,1,1,0.003745318352059925,20857,6,0,0,0.0,0,2,9.94578046472638,0
0,1,0,0.0,0,4,0,0,0.0,0,0,1.6094379124341003,0
7,1,0,0.0,73,4,0,0,0.0,0,0,4.356708826689592,0
1,2,0,0.0,4,56,0,0,0.0,0,0,4.110873864173311,0
0,2,0,0.0,0,88,0,0,0.0,0,0,4.48863636973214,0
5,3,0,0.0,51,104,0,0,0.0,0,0,5.049856007249537,0
0,1,0,0.0,0,2,0,0,0.0,0,0,1.0986122886681098,0
20,1,1,0.05,2679,3,0,0,0.0,0,3,7.894690850425624,0
128,2,1,0.007751937984496124,7700,134,0,0,0.0,0,26,8.966356154790121,0
2,1,0,0.0,356,2,0,0,0.0,0,0,5.883322388488279,0
160,2,1,0.006211180124223602,9368,356,1,5,0.0005141916906622789,5,30,9.182455168486648,0
0,1,0,0.0,0,2,0,0,0.0,0,0,1.0986122886681098,0
0,1,0,0.0,0,6,0,0,0.0,0,0,1.9459101490553132,0
1,9,0,0.0,6,218,0,0,0.0,0,0,5.41610040220442,0
0,2,0,0.0,0,10,0,0,0.0,0,0,2.3978952727983707,0
0,1,0,0.0,0,5,0,0,0.0,0,0,1.791759469228055,0
16,1,0,0.0,359,28,0,0,0.0,0,0,5.961005339623274,0
2,1,0,0.0,65,22,0,0,0.0,0,0,4.477336814478207,0
0,1,0,0.0,0,2,0,0,0.0,0,0,1.0986122886681098,0
1,1,0,0.0,2,2,0,0,0.0,0,0,1.6094379124341003,0
0,1,0,0.0,0,2,0,0,0.0,0,0,1.0986122886681098,0
12,1,0,0.0,872,2,0,0,0.0,0,0,6.774223886357614,0
34,1,0,0.0,1204,23,0,0,0.0,0,0,7.113142108707088,0
0,1,0,0.0,0,4,0,0,0.0,0,0,1.6094379124341003,0
13,1,0,0.0,316,9,0,0,0.0,0,0,5.786897381366708,0
15,2,0,0.0,351,19,0,0,0.0,0,0,5.916202062607435,0
4,2,0,0.0,67,105,0,0,0.0,0,0,5.153291594497779,0
18,2,0,0.0,464,106,0,0,0.0,0,0,6.3473892096560105,0
0,2,0,0.0,0,28,0,0,0.0,0,0,3.367295829986474,0
7,2,1,0.125,86,25,0,0,0.0,0,2,4.718498871295094,0
0,1,0,0.0,0,7,0,0,0.0,0,0,2.0794415416798357,0
582,1,1,0.001718213058419244,42431,7,2,12,0.0002827654460624912,8,39,10.655823029773595,1
97,2,2,0.020618556701030927,4762,75,0,0,0.0,0,5,8.484256691169973,0
33,2,0,0.0,1039,5,0,0,0.0,0,0,6.951772164398911,0
19,2,0,0.0,532,26,0,0,0.0,0,0,6.326149473155099,0
8,2,1,0.1111111111111111,212,160,0,0,0.0,0,5,5.921578419643816,0
12,2,0,0.0,78,206,0,0,0.0,0,0,5.652489180268651,0
8,2,1,0.1111111111111111,196,75,0,0,0.0,0,2,5.605802066295998,0
8,2,0,0.0,315,73,0,0,0.0,0,0,5.963579343618446,0
0,10,0,0.0,0,2140,0,0,0.0,0,0,7.669028288589683,0
155,5,1,0.006289308176100629,1107,80,0,0,0.0,0,2,7.080026499922591,0
3,1,0,0.0,29,10,0,0,0.0,0,0,3.6888794541139363,0
79,3,3,0.0379746835443038,2422,76,1,5,0.0020016012810248197,5,22,7.823645930834952,0
179,1,1,0.00558659217877095,6509,3,0,0,0.0,0,35,8.781555458546402,0
101,4,1,0.009615384615384616,4041,200,0,0,0.0,0,3,8.352790135124629,0
17,1,0,0.0,653,16,0,0,0.0,0,0,6.507277712385012,0
7,2,0,0.0,214,83,0,0,0.0,0,0,5.697093486505405,0
12,1,1,0.08333333333333333,268,25,0,0,0.0,0,9,5.683579767338681,0
0,4,0,0.0,0,8,0,0,0.0,0,0,2.1972245773362196,0
2,1,1,0.5,20,1,0,0,0.0,0,8,3.091042453358316,0
1,1,1,1.0,10,2,0,0,0.0,0,5,2.5649493574615367,0
1,1,1,1.0,8,2,0,0,0.0,0,4,2.3978952727983707,0
27,1,1,0.037037037037037035,2132,2,0,0,0.0,0,27,7.666221925662725,0
1,8,1,0.125,2,70,1,7,0.09722222222222222,7,13,4.290459441148391,1
0,18,0,0.0,0,0,0,0,0.0,0,0,0.0,0
0,1,0,0.0,0,21,0,0,0.0,0,0,3.091042453358316,0
1,1,0,0.0,29,2,0,0,0.0,0,0,3.4657359027997265,0
